zone_id;pop_total;pop_empl
101001;17614.00862204386;10840.875428973493
201001;227835.77543226045;116659.02976411124
201002;157774.22622583775;104161.58407304488
201003;284220.69346076844;149956.3633443023
201004;182204.6514143225;97989.53955077655
201005;150127.63423995487;100490.88032737009
201006;186865.3608941374;177427.80958862972
201007;274430.74664875556;196547.95096243743
201008;152690.00436617865;108006.98290348008
201009;126741.50459025218;72986.1192291125
201010;75894.86801053389;43846.42294326264
301001;259204.15861406107;205029.21316574467
301002;400465.6343250214;208115.3416802349
301003;34898.65987097092;17456.110043604585
401001;64024.30489036394;54406.27795807084
401002;481777.49295465654;292972.6105055703
401003;113031.69627738021;111205.52565305363
501001;402868.70943465177;369672.11603472277
501002;145207.35767452998;140861.83264280795
501003;953634.4061165465;477224.3222299153
601001;288278.7824459453;196534.7431741417
701001;245461.38399144166;150158.04178240322
701002;254876.22292230366;226825.98179631814
801001;324690.2599790572;297573.7536947973
901001;146467.10934693884;99921.09498355564
901002;290002.37007458037;165478.4562163884
901003;52247.48452501304;26964.882917261493
1001001;99773.20572761257;98808.48327058546
1001002;883710.5193964463;756036.2128648502
1001003;1101624.8743052052;954674.1747790725
1001004;738936.8609942838;417350.2648638511
1101001;1162560.2257799124;702318.7772431347
1101002;2101784.6429675175;1084140.7037059192
1201001;1167496.6870404445;638269.8940468596
1301001;1297548.0591620263;660539.046902482
1301002;1653965.3543362767;923060.0090778391
1401001;1654989.4419545508;925074.6211724611
1401002;171575.43731769643;145690.37826710154
1401003;1530561.197910403;857539.4770078643
2101001;3937958.1763398023;2036749.2018331706
2201001;2518047.771217849;1469730.8665941101
2301001;346383.73133504624;281917.01662523544
2401001;2894037.8107964774;1847324.3077152115
2501001;953295.7209860987;735924.0793603412
2601001;421098.75162498775;221115.8586953081
2701001;3075823.0558342645;2594321.956320362
2701002;181305.28586858555;97576.07316592275
2801001;4187330.91549163;2709302.8554246803
2901001;1841657.5333374015;1057209.0147656382
3001001;3768243.1161001734;2802687.8988173795
3001002;3029392.037539721;2993163.5295335553
3001003;4668543.4494216805;2490996.1067902106
3101001;359659.58907914243;221450.8025937127
3101002;3388819.053179442;2337267.238814111
3201001;4807064.161429314;2546154.353934815
3301001;1331038.2428951263;897664.01365606
3301002;3684757.5307910726;2241374.7730457885
3401001;2500731.737013456;1764654.6090475486
3501001;6074711.544216903;3271119.684047537
3501002;2886024.594628866;2267093.402060223
3601001;4746384.252887507;3254382.818193162
3701001;2204499.371044022;1226915.7287254778
3801001;1537010.5737352257;1468247.1141237055
3901001;5611026.695095638;2855607.902522791
4001001;1667423.833866767;1225134.577831483
4101001;5807025.636093856;3507665.3757415833
4201001;970786.3458797624;774781.8884524272
4301001;4949519.578268041;3748886.109342574
4401001;3004635.198251672;2231669.767049661
5101001;4386955.11211326;3883406.9795985296
5101002;3094359.3392902575;2924414.6232342664
5201001;5488204.226115489;3569709.6595381163
5201002;3953475.66982832;2318777.1679277136
5201003;4302732.682512418;2548050.7351125996
5201004;3972255.318601869;3003431.482140783
5201005;6259006.626745266;4783200.50969452
5201006;3502499.7869658438;1853733.0349564813
5201007;912901.0496159695;780081.4841044336
5201008;2043924.4113902804;1511535.2027569467
5201009;3433741.4875339856;2433268.089342289
5201010;2782741.3371057506;2778389.6637600465
5201011;6639042.086073701;3373863.6054202
5301001;2984705.689057979;1977838.8853129921
5301002;2444463.5957861524;1534957.1488684844
5301003;5834400.5262254225;3559390.4946220624
5301004;4547382.5086055305;4177835.5099488017
5301005;146855.99077607717;135518.17465147297
5301006;8329789.452529308;4218549.12941096
5301007;1233678.1025884962;1071352.03498984
5301008;3207405.511469111;3128086.405143453
5301009;3699122.48691577;2957668.5018726713
5301010;65927.87032896174;65257.88869868094
5301011;5607643.731447411;3829955.8841666086
5301012;3329797.7641684213;1693678.6720892293
5301013;918467.7911144821;652627.4312554805
5301014;2510505.3631307306;2181109.7348175263
5401001;6504397.534116206;5384342.180388229
5401002;5013062.724399665;3623772.970928465
5401003;4233166.060254994;3461725.8721109377
5401004;2566922.9000122044;1437666.1989159144
5401005;2416969.706596718;1450506.5601260753
5401006;7605054.4163278835;4497078.850174164
5401007;3924165.087844858;3133356.5135427127
5401008;6393407.603370949;5009582.957329349
5501001;6546325.298450645;4571437.503553461
5501002;6759513.670614037;3583343.3576117894
5501003;3371974.542878215;2458819.30384772
5501004;1657474.0612668495;1516801.0846649518
5601001;2123780.5599834914;1762211.8687587231
5601002;5373373.454069768;3445406.8523804196
5601003;8109834.344438949;4560156.5848010965
5601004;4815501.3533164;3716258.769006777
5601005;4493696.257324252;3152859.1586823845
5601006;2148582.440743411;1339538.3166603367
5601007;3764553.8544110637;3423505.9254564615
5601008;4075854.3173874225;2971530.4696708806
5701001;6447447.293001927;5211687.296966645
5701002;4822117.33548234;3420472.4551230827
5801001;11300380.5951232;5700251.142095975
5801002;10529633.15108922;5710158.056830135
5801003;1450181.7854988794;955202.1629251174
5901001;7716709.228064463;5809694.163896643
6001001;3720032.599505367;2793422.725608273
6001002;2608475.1572697666;1310935.0570132176
6001003;7963040.0430760775;4127165.696366688
6101001;403213.20337497344;259211.03462258575
6201001;687860.7766383481;495518.2691007194
6201002;4129288.2820825735;2643821.086283426
6201003;1394648.5294943359;699463.1808369929
6201004;4648436.775983035;3139647.9097979
6201005;3058420.945314582;2358922.0881406935
6201006;5946753.281680756;3546536.427796021
6201007;2352274.2760071387;1445029.8755436777
6201008;1833929.4524555602;1016263.7846735725
6201009;6058849.029624238;4954951.1234639175
6201010;9389947.474919198;5471059.542146508
6201011;1316162.7589125044;885205.8142396202
6201012;5428570.77048966;3131269.4492759556
6201013;1492776.4932367757;1469643.7032176415
6201014;1235329.2008895508;698163.3437028824
6201015;5697763.012785287;3104373.4105130886
6201016;6450521.180851182;4110474.3827605145
6202017;5050278.784905362;4349454.95499931
6204018;4232404.70019663;3699870.909645257
6204019;4049385.6093765153;2148050.5515311416
6204020;5327560.226210664;2681314.0597694754
6301001;4898216.053782872;2745213.1764564724
6401001;3875394.507637918;2250358.2663757494
6401002;3848531.4898952832;2810979.1033243677
6401003;32248.534087824974;31409.353546056143
6401004;3096655.735737786;2628907.459609318
6401005;8125217.013366749;4379611.569470779
6501001;5837476.077281197;5538610.115526956
6601001;10588789.901369624;5771968.228009646
6601002;6594419.342564152;5240112.855830199
6601003;9871317.891793862;5081579.460878874
6601004;3715805.0543488674;2987852.3180131037
6601005;10046816.323355053;5026158.499706239
6601006;1275720.080134301;987556.6631990758
6601007;3839399.0596660324;2844320.9776155245
6601008;767700.0578542779;487513.2210717648
6601009;6450431.77368567;3917722.617639619
6601010;3319371.0256149536;3268923.139630401
6601011;3149582.2676373003;2611472.5784554533
6601012;8571232.847285938;4797354.57092383
6601013;1382330.6657446588;931070.9744845583
6601014;1010758.8673404208;905278.4736481128
6601015;1009740.4984417848;720953.5599859047
6601016;11059873.98140369;5574669.270779811
6601017;3839295.1104985964;3180329.8102650414
6601018;11811422.66470347;6434750.139659048
6701001;5122992.630303264;3085572.6513025654
6701002;10775095.45000867;5978109.110272291
6701003;2660526.875235187;2607786.3161755726
6801001;10616133.042407501;5859608.450460462
6801002;706905.27912367;597339.4030167371
6901001;4008243.7181954915;3102581.0581710725
6901002;2600980.9697649656;1808194.4331981607
6901003;2128829.37746347;1685943.9650350374
6901004;2369478.224916174;1287333.5474341987
6901005;7741733.11147681;6543130.013364872
6901006;9593635.899835914;4945435.079245734
6901007;2099660.983981478;1227555.839834542
6901008;6465991.829073656;4472002.50935693
6901009;7571918.70644224;4868710.28032695
6901010;161314.61892348746;152784.3817257874
6901011;5050187.049991508;4515734.525646665
6901012;7092779.080096655;4644722.832708655
6901013;2539731.5789932036;1631940.256955733
6901014;40052.933638737995;23927.814690309155
6901015;9144728.316016464;5607918.105696039
6901016;4796164.694085797;2803083.116655831
6901017;2626380.9710752615;2357864.502484266
6901018;3007291.7379678423;2238658.1102753407
6902019;8837517.110460976;5552868.869124378
7001001;7799439.098025201;6469503.266803373
7101001;10342776.230158098;5372206.183160502
7201001;1287602.9223783996;757925.631793041
7201002;387141.6515637527;355894.77645231684
8101001;6660863.559617287;4846355.49868608
8201001;7823733.585948819;3931999.535539228
8301001;7425888.737045199;3747551.905688568
8301002;9747527.238159267;5472136.044384367
8301003;7931046.161508718;6090920.079921414
8301004;5787468.1419846285;5734469.941777721
8301005;266456.7857619239;208330.06493207032
8401001;5194784.541959406;3138998.8923078123
8401002;6168534.256517824;3182454.0392943686
8401003;12301915.72889198;8026614.889549006
8401004;7952593.49870579;4837070.2360245045
8501001;1347597.6964752504;931784.0469628526
8501002;3822229.220163587;3612572.199673216
8601001;1014333.6458734275;784329.258170242
8601002;2483121.408467078;1785839.1121960983
8601003;5367845.665733556;3938686.5023641665
8601004;5405934.251525531;3215401.632266862
8601005;6940825.093693493;5188867.024304728
8701001;7054901.501685757;4031632.4847896714
8801001;3389479.398077771;2735539.1967501203
8801002;12391288.18258085;7615710.099403964
8901001;9885937.524386933;6720166.150927338
8901002;1286219.2021739583;733217.1185870135
8901003;17044485.05470708;8848297.09311607
8901004;8673150.35167948;5005599.985536801
9001001;3262473.765437073;2397194.466802241
9001002;9532806.050518302;6770164.556135019
9001003;2995209.7961753933;2769553.3651005942
9001004;4547765.770042761;2731929.382360447
9001005;1024999.0406922799;688873.7482007561
9001006;9683502.087894293;6287667.885217123
9001007;2047426.0411386194;1131976.6554766744
9101001;11851590.844242841;7699586.500555559
9101002;11082031.496758204;6871214.285152947
9201001;4977915.598308579;3416098.6067486154
9201002;7339753.107049118;5038241.889366273
9201003;2920395.4762345124;2241238.849876643
9201004;13353060.376456717;8447099.487371571
9201005;5917990.16233578;4098649.1557005392
9301001;7603818.972374969;5102978.407008855
9401001;2332962.366168884;1741777.4338064136
9401002;5782105.429178484;4983798.5209352495
9401003;13944832.381384168;9102459.596532812
9501001;9431985.653907454;9245581.878654003
9601001;2990145.0181463673;1619889.6250765799
9601002;6473620.802353156;5672355.7844619155
9601003;9430206.750541368;6902476.978065986
9601004;9242029.545325514;4854890.944253261
9601005;5979204.427831919;3554557.3028292195
9601006;2572961.4958226145;2205351.063302322
9601007;3011597.78803457;2132691.434177252
9601008;895321.0883507441;622473.5922843347
9601009;5256541.742725751;4159657.6985871685
9601010;8279500.516911166;5919289.436634335
9601011;12581134.080664083;8400936.115748024
9601012;8973141.484782528;6479088.393825459
9601013;9995398.590197384;7307089.271126954
9601014;1943674.004009473;1901284.4420736507
9601015;9815749.070020808;5615549.771173245
9601016;7108313.20477754;3807344.564292982
9601017;104542.84065366714;81387.01912604239
9701001;5730142.509751089;4419548.765559506
9701002;1751676.0035919533;1661986.1283635278
9701003;11497771.020066626;7645527.202595784
9701004;11956085.513911763;7021295.940265286
9701005;6959152.793534961;6758195.940724755
9701006;4022136.936496328;2234105.793392619
9701007;4587655.57099767;4380802.355798606
9701008;916057.4658602175;865932.2238969882
9701009;8186588.658662456;5317999.614930834
9801001;1707597.6171748035;1264184.0809530318
9901001;9868259.678757958;6163468.803133172
10001001;2366169.290324438;1280476.6937639518
10001002;8553045.310293391;5992656.684211724
10101001;15356844.882044556;7714173.213084639
10101002;57238.11638927362;41000.73696495807
10101003;2299524.7127278247;1280985.118274062
10201001;13922559.835189465;9686434.654399924
11101001;6422609.539565718;5947859.197121807
11101002;2120688.2592000375;1378977.4759723335
11101003;10487548.532918029;5668618.822013778
11101004;5251058.54599784;4640931.503755866
11201001;11409186.84137392;9727035.366448482
11201002;19964387.54464559;10161838.736692265
11201003;11700577.367645565;10135470.370040487
11201004;6111206.090101049;4688463.97977885
11201005;17802048.19877019;10811285.505456438
11201006;12898487.003602229;10451215.294373333
11301001;13041994.842290908;10291530.097420301
11301002;1056011.8365854793;536738.0336119258
11301003;5445704.764943411;3018608.666518818
11301004;8797630.942533348;7193581.004972679
11301005;11105328.889796367;7167960.444146111
11301006;5902019.983072725;5733185.940331943
11301007;10601474.395858176;7518262.362504304
11401001;5143858.4074148685;3042928.61999802
11401002;8933929.643717576;6475603.843872192
11401003;13186342.644443335;7317698.441440964
11501001;1865579.1639806796;1321539.103092981
11501002;3904899.825336786;2358758.557723344
11501003;6701879.823288315;4066751.88597693
11501004;8265696.126323073;5675016.397286417
11501005;2297611.9101938657;1421538.451551566
11501006;34062.596389360246;18938.722933233214
11501007;16075153.718610292;9445868.55914234
11501008;15234143.21496721;8051084.86610849
11601001;15118782.140394533;7823121.97189725
11601002;4999202.06118368;4337739.205682111
11601003;3829013.408192648;3084573.4397957395
11701001;3297843.850243998;1848328.3694410792
11701002;14198919.790651713;10552290.735943658
11701003;13505359.054721769;8331584.869766648
11701004;9359704.83223395;7662075.230829327
11701005;6445395.0479206545;3547739.8852242613
11701006;11373013.908201905;6463879.079481719
11701007;5874302.837554492;5492668.982470525
11701008;8863539.687633403;8176337.417292088
11701009;15437906.516579676;11162518.730977252
11701010;10810528.603005622;9789714.949107138
11701011;5910605.4039998;5490237.329361761
11801001;16778932.45776787;11616789.429550577
11801002;13771028.116798509;8436408.50475594
11801003;3215633.3714428325;1699178.8678498706
11801004;7080892.0034161415;4624604.081394817
11801005;2800888.635976377;1595342.8545373783
11801006;1600551.8446104366;1528375.1154745258
11801007;8595447.77454543;5550473.957675843
11801008;7962096.140959328;4361381.887936614
11801009;12196708.06537912;8915195.84308309
11801010;23163689.288140725;11788830.794377957
11801011;6466360.234646986;4661828.640328184
11901001;9657453.757703;7186966.215993201
12001001;1274487.0021157973;813964.4871272317
12001002;7841060.38271227;7762881.118298774
12001003;4092311.761132913;2549547.214746485
12001004;4168261.8672074047;2695717.101210936
12001005;1396205.6913998132;1184205.151660471
12001006;9756394.452142421;5514083.574765944
12001007;3888660.597086877;3535355.628279461
12101001;10760896.464112932;6234888.937184671
12101002;232132.9109087011;141381.1169361856
12101003;10236038.115581911;9122859.937395856
12101004;5812705.63996642;4886769.884142311
12101005;12655378.59025003;9146163.135993533
12101006;20051671.31488355;10847289.809478609
12101007;8781843.341791501;6867875.40062447
12101008;4824204.290267226;4344148.852165283
12101009;9446578.094898794;8544229.635926085
12101010;1443023.7808224272;881402.3000896698
12101011;5289832.303304167;4847351.016280575
12101012;7139793.691425878;3866467.6911660507
12101013;8987146.637411295;5483058.468603231
12101014;13727663.903691497;8218535.838361275
12101015;9184416.377922809;5684741.324474523
12101016;20041283.849091128;11154968.14290142
12101017;9482128.545380816;4798417.300440784
12101018;11267434.463610271;9365932.503676381
12101019;10188557.472597567;9380697.801992817
12101020;7396570.82061251;6477556.375827056
12101021;5707209.130316885;5209540.602127791
13101001;19489904.88707241;11773468.383557463
13101002;23137018.85897931;12563637.792093934
13101003;16401241.291558085;12631863.061038055
13101004;9104406.224647176;7749014.450036016
13101005;5882866.060103159;5761157.749774953
13101006;20048166.38124839;11347798.091118898
13101007;12479605.271129675;12110830.474664487
13101008;15195268.717344563;8458205.078557068
13101009;3052269.2590948967;2063860.6361458693
13101010;1156607.1635412665;651782.2027031991
13101011;2217213.907632212;1758729.1508090708
13101012;12143571.6853496;8655499.909467367
13101013;14809687.696717497;7462927.901316196
13101014;11733285.59997446;10206025.594564462
13201001;8719677.579685485;4942018.695125882
13201002;9613642.324433595;6603980.348617985
13301001;9327857.282511393;6012377.779052561
13301002;11102907.867962766;6702135.810998591
13301003;12637551.532260403;8402641.747633161
13301004;13692632.223609535;8171548.141072699
13301005;1783113.6790757666;1208414.3292405794
13301006;16840419.86896782;12567621.582243571
13301007;23186488.315356575;12951861.276628602
13301008;492245.14100138634;440426.7650219908
13301009;13968029.490824977;7623997.809117462
13301010;12491839.239418678;11925529.527125295
13301011;3047667.850663711;2803759.7957943724
13301012;9070074.303989217;5443927.760772909
13301013;13865866.586669143;11033924.645053826
13301014;6332832.800710412;5256871.04611745
13401001;10443501.695648005;6764718.553737434
13501001;2209388.3352813357;2109325.123867292
13501002;9356151.949339835;5675075.5348310005
13501003;13837474.645502672;7577339.092224129
13501004;12112144.779846864;12051834.243345296
13501005;9009086.03140293;4817646.372620262
13501006;14795522.480447577;8177569.823146645
13601001;1981897.7731187507;1878932.5943722588
13601002;4665806.743072277;2783870.6518296194
13601003;18627544.02391195;10537015.58626406
13601004;16588972.116355157;10468742.020240355
13601005;219764.08788000038;134366.3142889754
13601006;17859999.395138163;12131809.897507416
13701001;5418264.469719125;4153817.126597083
13701002;14384137.307010325;13175617.622007823
13701003;15449009.328531696;9006505.331443224
13801001;1145414.7870598056;658929.3164117812
13801002;21072858.818567958;11657098.428104386
13801003;17203807.076333918;13690059.683202323
13801004;13590898.628797885;9874506.73257267
13801005;2328512.865095173;1592575.0482475192
13801006;9000631.840365743;5336838.494923436
13801007;4032504.901505894;2129175.0000696853
13801008;4025881.064519646;3879847.9347207984
13801009;16709890.740405567;11475124.00543169
13801010;2521794.177981104;1605964.403013265
13901001;23694657.925648935;12834089.924387023
13901002;14635228.502602046;10016570.146547781
13901003;14293561.351451179;9542863.526732743
13901004;3714563.3730629617;3127794.555069922
13901005;22828450.569525722;13100969.661522733
14001001;9728174.055551363;5463726.890109198
14001002;18559606.43178685;13897456.040273689
14101001;19729609.135586746;11869551.159351736
14101002;18934471.327902943;11644443.474706953
14101003;2749080.6266005654;1873045.2757687783
14101004;2316984.822858325;1489462.602827575
14101005;22160653.036077417;14100024.307117347
14101006;2934643.5896839965;1947200.3970995662
14101007;14984195.039289122;8535489.634837713
14101008;842586.8673623259;569438.5166263186
14101009;26762893.233138457;14002165.432237143
14101010;11500188.589967547;6990629.128819874
14101011;5673099.765926363;3107573.1993304607
14101012;4320355.421267898;4144025.4127364894
14201001;5348086.015512435;3034039.153272671
14201002;21119888.25846058;13309857.066831319
14201003;2850755.009536012;2411150.4209798523
14201004;7727999.15149225;7519968.603800285
14201005;7985864.040785632;4975159.182586682
14201006;2013737.7811960287;1181050.6279998596
14201007;2064789.6462752419;1212838.7725417234
14201008;16240510.683481101;9196470.555151615
14201009;8781812.552396664;5682100.230109008
14201010;2661538.7533712117;1503638.0570049526
14201011;5123422.300891014;3760313.660409086
14201012;24717009.3387416;13748172.78209799
14201013;14395106.305025505;13231518.199534979
14201014;25937706.13573344;14048110.254663441
15101001;3982636.6778677697;2950946.8334152317
15101002;20969385.625557743;12501177.125625845
15101003;3034084.21904408;1988231.6800122568
15101004;4232211.425566704;2764484.0500446847
15101005;15383934.624820212;11884160.925461782
15201001;3794943.1759432177;3135702.965154882
15201002;9206595.516352423;7576521.907489795
15201003;18221888.481369127;10500154.854201194
15201004;15509846.334012074;12352351.11837262
15201005;3069323.12547763;1566710.8506332438
15301001;19360934.798309427;12349870.914303008
15301002;141718.38580353398;73867.73813760631
15301003;17118246.11271406;12190036.203823227
15301004;2255600.374695194;2236266.0847633164
15301005;19097355.959228147;11960287.161137717
15301006;12357488.687640538;11351722.284534317
15301007;10213466.882611562;7163801.3281684
15401001;9019979.773735296;5029431.889090686
15401002;17969398.111453254;14008552.335593916
15401003;2925043.01162876;2212669.403658237
15401004;4945095.34804405;4371595.7264364995
15401005;22904776.86406518;12461806.272378186
15401006;15753648.008506844;15044990.693992758
15401007;10628352.454958009;6588669.701799946
15401008;858222.2580758631;666118.3681176162
15401009;3987649.7829757286;2318780.9858462582
15401010;4630966.134329452;4397633.973276626
15401011;10187058.35088516;9095332.9862362
15401012;15590171.12210585;14806433.486561846
15501001;27596935.61598225;15270676.84029759
15501002;11268642.1794488;8722934.239888567
15501003;16469994.944446139;8836220.38867621
15501004;11505654.17168281;7771448.070963062
15501005;8075657.359597678;4474589.254756801
15501006;11452846.214186128;10413853.229149306
15501007;9116646.795464387;8647955.723103603
15501008;21544934.048705846;13663003.660141628
15501009;2736830.9036420826;1491643.264851433
15501010;9463799.643864593;5354320.267759362
15601001;4462608.668110525;3607035.05743387
15601002;14802652.652966313;14308735.940834058
15601003;5071857.630972496;4222909.077309066
15601004;4049842.543700676;2702735.1038726284
15601005;19864506.95213352;10074971.245933514
15601006;4611495.565973547;2373856.740306884
15601007;6706648.566274023;4201897.1718250625
15601008;8073010.938146419;7265410.214993786
15601009;22578585.757020503;12424708.453393305
15601010;6481708.460393295;5663812.36385649
15601011;24275105.998333316;14104834.129374329
15601012;104455.64464399964;67539.61254221847
15601013;11382824.4516758;10906744.237928733
15701001;23059013.70501438;11676146.422926031
15701002;12959500.04275088;12562827.443945011
15701003;14269460.58105987;8491829.752134869
15701004;22730069.813172475;12698259.66316649
15801001;16403677.045313105;9744105.902817464
15801002;15665930.001688559;8095131.157086683
15801003;1532008.955199219;1158518.0245308606
15801004;28471021.83284282;14409631.503738392
15801005;920614.345585851;648988.1891108368
15801006;13081227.831832187;8362058.546589213
15801007;27665130.644373737;14892848.978929304
15801008;11387081.21197541;8568374.354926042
15801009;11910488.409026317;11174704.852021018
15801010;5536213.618832512;3011222.789897947
15801011;23687430.920956433;12843606.901240187
15901001;16782377.67664674;13248188.001653926
15901002;16445258.667824771;15667687.919432444
15901003;15622960.594556784;12141553.644018507
15901004;7337881.603638173;3889247.3635284416
15901005;28589466.330899864;15289240.319393052
16001001;3694938.4892821964;3620082.21116985
16001002;10909950.127691327;9026773.515608598
16001003;21759321.67168801;14769679.490960713
16001004;12051952.624553895;6381671.439442793
16101001;16536018.196333485;9316548.981625054
16101002;18146115.000776414;15111455.957253125
16101003;5274975.087768001;3429659.505799694
16101004;14101269.097719587;13595550.604137039
16101005;27784147.123290125;13893807.082728198
16101006;12562933.693646349;8915491.668293692
16101007;18603198.78077295;10804547.89685507
16101008;12413758.285868606;7516574.322921737
16101009;4424373.407623605;2697343.90451337
17201001;7688447.356897195;5062794.074978101
17201002;15876109.335654486;12236404.661808865
17201003;18662590.481162507;11704035.14798138
17201004;12657556.807090377;9074696.226624828
17201005;2335697.8336979696;1314697.2560127268
17201006;20196934.22407302;12326663.738218458
17301001;49426.810006898006;46280.85529666719
17301002;6940392.160484835;6299617.910535301
17301003;5718682.949075939;3978435.822023383
17401001;13474402.507675081;12172049.102884056
17401002;14326338.376496142;8136903.499300788
17401003;22896344.267020583;11747743.901080066
17401004;28874541.771182116;17008359.352942828
17401005;14588128.437457185;9377715.630841473
17401006;29295567.72813299;15098852.619332144
17401007;9899652.056431187;6054986.39008525
17401008;9224705.330824617;9033595.940719508
17401009;2153634.643667406;1649465.624936538
17401010;8503903.546535853;5659074.953171018
17401011;21961654.0396606;13444198.943216627
17401012;11812073.619459048;9117575.538973656
17401013;7070288.009421946;6469494.300728343
17401014;8318427.368040866;5468308.500468329
17401015;4531785.929944939;3624274.7356452625
17501001;17691692.95583311;9935536.36556392
17601001;9903715.485429147;7941930.733484041
17601002;11889171.957748923;6778798.205610327
17601003;16914123.288477518;15815669.198813638
17601004;32237076.371514644;17430337.03827846
17601005;9990553.46066959;8946764.39518934
17701001;19654665.784963217;14124684.92909598
17701002;13378501.229923405;6814360.676537677
17701003;19206668.90027657;10444825.795249546
17701004;3660263.5760983103;2762992.109767083
17701005;23375348.336744227;15719667.948007863
17701006;1392537.888369506;712142.8825105891
17701007;3204959.586005776;2491472.148039885
17701008;17912098.158432316;9426946.557563774
17701009;20074170.820524823;15573610.420799809
17701010;25258630.277969074;12733326.804121831
17801001;15096198.44390151;8700219.774970934
17801002;7330.216189813643;4592.574915282119
17801003;12564989.885862676;10570885.695292145
17801004;1567409.4847679303;990379.9781956427
18001001;12781758.299333787;8232134.959635952
18001002;4800709.686129817;2841406.7541736886
18101001;19761639.43135434;17361646.463785056
18201001;23901803.70636279;13226306.189120961
19101001;18746200.185442142;9920691.88210482
19101002;16899527.770375818;10008699.03956805
19101003;373779.2982549528;188790.48298925266
19101004;28286446.01454209;16375300.784594942
19101005;21372248.171821307;16646731.118850334
19101006;5171752.732182852;3657883.5694797887
19101007;35685935.34187218;17949875.264910907
19101008;2340082.7606672295;1295278.471196178
19101009;5254375.900779665;3302393.6866606805
19101010;16930972.06501139;11555646.475165013
19101011;10162903.450467953;5137145.959586315
19101012;30467000.440399103;15463099.373932667
19101013;25409490.216196023;15790487.765002202
19101014;5740221.366684292;4907177.578288199
19101015;27663768.58903224;16316778.735643193
19101016;25349713.993837122;12912729.346369002
19101017;30275673.96707238;15563620.402957225
19101018;15687885.992927711;10428642.58168957
19101019;26960437.248927847;18992752.822514426
19101020;12402838.18025601;6833437.997612875
19101021;19696761.492447454;10580685.33166702
19101022;10350122.796974335;10084538.271968178
19101023;12243215.128009707;6642459.782764504
19101024;30304569.060769394;16359466.420051487
19101025;22951789.05845844;13272147.324743373
19201001;15623653.07571929;8376974.883648568
19201002;6117530.625281882;5892687.103948021
19201003;13528580.384072836;10965781.908768091
19201004;17213994.933253832;12543142.625712773
19201005;28432315.741639964;14635590.555727953
19301001;8656738.94095072;7194519.771481752
19301002;18428645.79510534;18391059.79265929
19301003;654827.5094189993;369415.2430818668
19301004;461301.1135884337;443804.0961400689
19301005;16788587.399051767;10457648.091268696
19301006;20664978.435010143;12849685.85882475
19301007;22643221.257073056;14982582.027210595
19401001;31242967.902783103;17045162.311506055
19401002;33962219.83722269;18904259.968617722
19401003;7096561.851766234;5251330.423495005
19401004;4243971.552044835;3283964.070265538
19501001;13156793.233420808;9436915.99939243
19501002;13723880.935483139;10419308.095777765
19501003;12892504.431262814;11730864.96422579
19501004;28914516.554696523;16799514.234800044
19501005;5289581.587057177;3372716.69669136
19501006;32688942.76578027;16682763.275734244
19501007;4444044.310782522;2639389.465933027
19501008;22909245.570398856;18573703.745072972
19601001;8552969.48572436;5966357.438783182
19601002;20832396.835782506;17691806.356588975
19601003;1496827.310402028;1235538.4847849957
19701001;7956288.326537256;7855837.1206636885
19701002;21105722.70559119;13823106.817255428
19701003;6936976.844879741;5450806.825419128
19701004;3395020.009593679;2952921.3473131508
19701005;13385628.493247893;7337995.3973464
19801001;31723366.145813618;17617050.764398914
19801002;21478557.783181597;14526564.419605048
19801003;5214837.705375745;4395795.050058473
19801004;21361965.290134992;16694652.687330654
19801005;6458720.1753706345;4777734.659791646
19801006;17676367.433994185;10001621.710414974
19801007;7155338.075606819;4921352.59739707
19801008;10453694.745555324;5642922.159938079
19801009;16436495.02747769;15356106.573788151
19801010;28913932.931688324;17349428.239237964
19801011;21840156.614067733;12682867.295575717
19801012;5051620.239710552;4498974.3701224085
19801013;14269667.564134195;7736177.609176268
19801014;4958433.676850344;3537981.722886227
19801015;14074125.26100181;7686607.597262801
19801016;18886969.25587032;15802179.340547573
19801017;1687114.4836204946;1259518.0644295376
19801018;8024007.26955422;5518755.174712859
19801019;30817205.887425054;17484399.457532473
19801020;25289616.001926437;19356179.379225545
19801021;850650.4671664299;723564.848449877
19801022;32696335.822960816;18154872.363788906
19801023;14780158.526508817;11928058.386598518
19801024;18022765.041523773;11475172.57539341
19801025;25041793.757502276;16001255.542626506
19801026;7798665.23703961;5016702.170652465
19801027;12767467.25161186;12456557.986955093
19801028;17640020.263559;8832376.671681015
19801029;14119072.05035074;9921831.894931149
19901001;18682604.470705092;9505335.257686626
19901002;3088691.6117968117;1610027.915835668
19901003;1405903.246485624;1371297.5819987466
19901004;2916372.8374628946;2463148.819423071
19901005;5472324.535274396;5346598.259508629
19901006;10913819.472044148;7484516.570332344
19901007;10915983.862565918;7093378.011362706
19901008;6821338.117458077;5883933.624359471
19901009;25545578.749478474;15895229.75657872
19901010;1143425.2036615196;986568.1110314465
19901011;9553908.31906623;8330593.635561199
19901012;16628218.161748108;13195818.179407429
19901013;11373641.123749977;5698199.582081737
19901014;2426016.0928751887;1873524.5439801498
19901015;23588613.235100012;14953120.033109479
19901016;16133987.254769366;15955295.190346224
19901017;18455978.412951995;14608122.655230287
19902018;29761647.413486224;19679830.857354823
20001001;19227536.34374206;18469443.633807253
20001002;2483041.8817823404;1573675.629340214
20001003;10532777.18832065;5741643.468090806
20001004;17374052.71584815;10699161.658305805
20001005;16486696.731864706;12015427.046844605
20001006;11231995.167524341;7615396.536946774
20001007;13561672.298913399;12220087.851720946
20001008;7228153.1472707065;5008633.503428339
21101001;6026852.919548589;5568456.046895396
21301001;14542515.401455842;11291803.256585317
21401001;22723040.080038942;11953524.745583203
21501001;26185427.15871889;20390226.547839142
21601001;2498252.832164918;1772175.2224877123
21701001;336051.4337635146;190897.84602525274
21701002;10218025.8242888;5389590.632808721
21701003;12378623.081257679;8956011.210122298
21801001;7098713.22935958;6318591.782002609
21901001;35978414.71171349;20701815.137344237
21901002;14372571.201399155;8731985.955801504
21901003;17772375.73219731;13804761.468165813
22001001;16038359.0997003;12724500.515268853
22101001;4619797.955702147;3000477.812177279
22101002;13484305.539233452;10542827.871296002
22101003;32096345.64103997;17069807.059781734
22201001;23252993.838461094;18659183.48262494
22301001;22275734.73305236;20523147.257879414
22301002;1701544.9088369035;947718.3532383603
22301003;17902502.72922166;16357262.185607774
22301004;33938198.5117052;18885973.493791915
22401001;9538140.866449313;7267156.6832157625
22401002;2358626.3176549748;1655717.0700233588
22401003;11682482.594055364;7692934.2542699305
22501001;4065924.288289395;3927798.609204246
22501002;12534993.257168876;9481448.425525146
22601001;9800432.32953175;6793054.31769935
22701001;3230486.4650704283;2589243.6952748625
22701002;26522000.865067974;20781098.646354623
22701003;19427048.20781405;9779707.10118321
22701004;7712126.079866683;4668203.3753823005
22701005;25662768.195799183;20567963.99289442
22701006;6627261.4188109245;4952579.648615396
22801001;1709269.2479118411;1483559.2849767553
22801002;10410056.039766042;6973203.870838538
22801003;9951406.89023661;5589834.672654714
22801004;30541100.07090346;20777587.016335186
22801005;8902543.096226525;4839393.565435285
23001001;16473475.715005172;8875659.855787873
23001002;17542871.952378385;12942022.191740185
23001003;23644740.466793034;20942396.118226398
23001004;13017084.686732812;7645153.525869297
23001005;15622207.177991819;10521516.835448984
23001006;8075207.794879514;4450905.046243816
23001007;2505446.670330737;1970017.0325900235
23001008;26066753.333658338;20677811.85084418
23001009;6330186.243838163;4546582.542444241
23001010;29050888.698805925;18904308.42085913
23001011;21419567.6402059;16197632.481857935
23001012;7196665.628450012;3674251.5710544134
23001013;3554470.4748498565;2718440.0541028376
23001014;14023906.12619265;9323095.18993306
23001015;35786788.16945673;20180218.121393733
23001016;26692685.24198359;18564942.435140375
23001017;12163922.033322336;8760496.898916656
23001018;3261469.2564250273;2780151.4501484944
23001019;3614286.3574093953;1982639.9632551293
23001020;25481957.524648916;16218305.024737861
23001021;20771852.640737724;10425426.717953924
23001022;13304447.150638198;7705316.616136604
23001023;14287217.962228527;11130125.52151158
23001024;14224990.70303542;10195557.455471573
23001025;337727.06328146416;182504.37212805898
23001026;21796709.708234344;21011478.07086169
23001027;9059978.285312027;5804657.702119307
23001028;15928645.183921957;12680143.756076587
23001029;11588163.763003994;7268118.553946624
23001030;20386381.632803146;19856092.30514946
23001031;16572877.79232317;13856319.096697437
23001032;16925795.719619967;14391016.738737017
23001033;33600636.19452713;17056540.91647026
23001034;32413195.654483613;17478857.6581261
23001035;22549713.57616811;16241969.513095874
23001036;41938751.57533571;22738018.089920554
23001037;6777270.452537528;5096509.871397478
23001038;34290542.17219685;21907370.22746497
23001039;11666144.52544666;6429593.516164616
23001040;12502775.865361866;6277605.748737588
23001041;26060256.688882496;18643738.44477572
23001042;33442976.475070246;22073826.258349862
23001043;15809435.481403466;8019484.626245236
23001044;21058412.602289043;15552199.720438857
23001045;3103092.2077485947;2164834.6075853445
23001046;24895683.191989053;13471520.638742913
23001047;12490376.212504396;6482846.937958292
23001048;4577675.324523433;4530724.275354198
23001049;2191696.1358988145;1758621.9219547685
23001050;25559624.184505787;13020902.377841458
23001051;19697596.630684268;17224747.367801644
23001052;9092223.299479423;4666368.109897589
23001053;21900551.54139215;19008784.780470025
23001054;35172095.13349878;20638328.28865395
23001055;9275371.677522011;5111730.438725641
23001056;26371907.917793997;15850036.523771962
23001057;22168029.720782418;14210989.84852334
23001058;27999432.53237972;17503197.18662987
23001059;24483951.738506272;16995464.64235312
23001060;29014050.460271202;21186287.676875006
23001061;22380981.624988824;22046521.778509032
23001062;36841327.51071048;21854974.05819986
23001063;42801062.72865227;21460246.937189046
23001064;40654853.26640476;22230664.067587897
23001065;5465337.41594844;4495606.492851716
23001066;31649919.423772972;18786488.77752555
23001067;155173.8680967699;79804.85971393953
23001068;8727528.874873154;8327592.156032056
23001069;22515374.908602796;18155699.46586823
23001070;24529920.798366453;16584638.516423525
23001071;13977958.541723223;12652042.378027767
23001072;28523975.126988657;14580620.539715819
23001073;917551.6549488348;526760.498377207
23001074;5036045.60983595;3003377.876772685
23001075;36087937.14363256;22918938.798649613
23001076;22324213.384032205;13488232.796375077
23001077;25781227.81449225;21224101.05298374
23001078;27924104.670102157;16520532.088457456
23001079;25780716.897633478;16694738.723279508
23001080;15705902.176562443;12827551.511574212
23001081;9892744.768808538;7813118.923514095
23001082;7703502.322942888;7457513.7063114755
23003083;778840.2152910852;432358.6287350969
23101001;8627378.611476423;7889577.65717129
23101002;11179297.986320494;7353829.233191373
23101003;5607946.142758864;4902385.241979125
23101004;9335193.020280724;5525826.023387084
23101005;24760958.30831816;19215088.53063159
24101001;112091.6939486887;84541.73628172021
24201001;9863017.968196403;9657638.547707794
24201002;30078603.85231229;16114517.637466192
24201003;3383871.6499722116;2508601.0486886967
24201004;12940233.299523668;9619763.11460108
24201005;25145127.609345693;21603661.81652285
24301001;40097420.89200945;21905684.67842211
24301002;30719534.355641685;16585766.409403885
24301003;20996477.024740715;18986203.68884077
24301004;36704939.490987636;20579861.594465245
24301005;21690221.67348521;11050124.448341303
24301006;9013730.102735985;8882966.22840717
24301007;2645714.194862428;1875156.9379343982
24301008;16268052.735399699;11789825.976574225
24301009;10203138.044035217;6628665.169070696
24301010;39009488.99134908;23229967.06853165
24301011;13463354.787922503;11606288.832255056
24301012;1393094.9529142748;888913.9672732053
24301013;1024344.2303251153;671130.6750040415
24301014;24275908.009361267;15336863.943776986
24301015;20176863.494644634;18334182.19519478
24301016;4286838.517050346;3530471.722758178
24301017;10598806.370197378;5323822.080419986
24301018;16416031.79947328;10885296.26584514
24301019;19461881.922225557;12513953.367474472
24301020;22911502.309730235;11467487.46051779
24301021;41821986.83448127;21461102.65017269
24301022;3814467.1571069285;2345127.5655407575
24301023;18093254.470614806;12246552.685701307
24301024;31933048.1146672;17986905.30850468
24301025;22186128.853715565;11304880.663019821
24301026;21608536.24622305;17417652.3380139
24301027;36878928.205600575;19482018.85882848
24401001;22437883.866003018;12548703.263212541
24401002;34101655.82542517;18554814.066421017
24401003;33189398.220769975;20866177.164238203
24401004;14781040.768794492;11743500.555445744
24401005;30729395.33280444;15856320.957640165
24501001;18775976.954097606;10967974.2427008
24501002;7458618.464467787;5669809.294476563
24501003;12074057.359638615;9210802.283620168
24501004;10015707.106426986;5706496.999628607
24601001;15914257.352116028;9181742.070770435
24601002;8063248.5259269;5348663.934083044
24701001;39795856.78675827;20845223.320979863
24701002;40378038.59393476;20357277.49956756
24701003;332013.5073371954;264134.04643689934
24701004;20433582.440745316;13893093.622091368
24701005;11550795.172683034;6744350.130785736
24701006;39164348.61351711;22017219.679722764
24701007;34802381.15488593;20161310.68945237
24701008;20276784.399497505;12189000.848503975
24701009;17231067.047918722;11352520.76719375
24701010;15683081.255899249;10616628.984330043
24701011;16072193.907696752;8120403.696318984
24701012;27088495.95048608;21996247.132473227
24701013;1095917.8877370267;670642.9198421467
24701014;41180432.85509232;24652323.812770523
24701015;2836598.541286517;1796952.5730577644
24701016;11529622.91212913;7941148.626346089
24701017;9169340.242285773;7726652.788864777
24701018;28291310.015461978;15040193.271070193
24701019;10464187.939978912;7613099.559298167
24701020;2271477.1604679544;1462209.5615734956
24801001;9626904.231172387;9598893.634870779
24801002;24760105.54967569;12592113.078208758
24801003;23801851.332837366;22455617.626971457
24901001;26103708.89667425;16304749.220850997
24901002;37782484.097771436;22030703.73771139
24901003;22105273.113534488;17056410.697728932
25001001;2042980.67697542;1089648.368434951
25001002;5113103.869526321;2910089.811833994
25001003;12118850.710290818;8726254.527118143
25001004;41486592.61368351;22676955.10022677
25001005;2276893.603565202;1448309.522341025
25001006;4826728.672983089;2635067.244739289
25001007;21461030.811801817;14596475.237899274
25001008;711387.5413611523;614303.6530839395
25001009;6998024.237367325;3807674.5394115844
25101001;26509140.811388742;17765786.97906968
25101002;23480417.40887818;12916845.825801302
25101003;27154834.83816512;20400197.2676101
25101004;12247260.627368493;10003902.010277465
26101001;37128141.73299794;21628241.142129894
26101002;702574.5743974232;558422.9058816034
26101003;8049275.281128275;5108025.865785963
26101004;25124592.499823663;12949616.867747791
26101005;30249026.72464855;24313163.040153846
26101006;37452676.8159245;23774685.681839433
26101007;40579467.59633994;21272370.732809227
26101008;10697861.81327425;8047927.745546139
26101009;19873649.532090586;12044145.403148854
26101010;14254342.537771571;8673358.757582106
26101011;28999034.632146537;23668553.196136743
26101012;16130222.83826285;10256543.264693497
26101013;23072597.139356714;11837162.136526354
26101014;22945193.691341028;15938075.425246509
26101015;26390319.119533207;20397848.077810947
26101016;4622487.536055519;4452371.31623679
26101017;5530210.976635774;3822790.761404706
26101018;2541829.954546354;1850535.3338343448
26101019;26537998.642797716;17217469.800869066
26101020;3824663.209095699;3496713.4130331115
26101021;15644686.59286702;10730528.756773632
26101022;26328039.927217882;25438860.853332132
26101023;10375133.336720781;7349275.975916053
26101024;36538160.8570036;23905600.4076547
26101025;21374674.57345939;16519223.121367827
26101026;10785687.666068912;5483439.576795399
26101027;17968664.26645284;14918862.239992855
26101028;33209485.955550175;23785561.56800353
26101029;31315947.562104702;24423771.50698443
26101030;18912744.308106855;16599746.6159157
26101031;27922427.229051657;15211892.914247442
26101032;7398747.583559233;5569322.779545493
26101033;23036080.87951111;14365697.273093482
26101034;31522703.861789323;19927363.59667795
26101035;17492801.59075768;9099044.434380637
26101036;20262449.890915878;11451356.39854169
26101037;37859062.85304396;19707941.007478207
26101038;25748220.57831111;23252499.202431448
26101039;20666967.936453946;19199183.08728246
26101040;15087729.5911675;12030409.36256342
26101041;35414449.01542261;25949669.103627115
26101042;2971779.0707381186;1817500.1699323957
26101043;13095722.949563242;10707743.259654196
26101044;36887267.95446307;25286094.913351133
26101045;30658080.46437273;17842932.59718123
26101046;5126135.819884497;4848491.213272196
26101047;4370337.941979934;2289457.4061462414
26101048;12312064.382146366;9112674.75498291
26101049;4913268.294054876;3394805.321271656
26101050;13106443.205703253;9553282.794825576
26101051;39000029.789994806;20848969.53706608
26101052;12700359.151498584;8138383.8348192535
26101053;42176134.42961054;21877137.51260208
26101054;37606904.27324347;25057316.258963615
26101055;16382059.158242846;8706359.366739998
26101056;10095982.490199082;6124525.577948934
26101057;6880719.956532799;6269423.998482113
26101058;29456240.131524175;21133220.687799558
26101059;5741021.841893562;4178868.431205435
26101060;27067022.19560566;23950303.172135245
26101061;42194265.67908314;22191760.531920027
26101062;1162781.3638135598;726681.6436307771
26101063;40160059.57695532;22901792.991116907
26101064;32784773.61770609;25523289.57704112
26101065;9539941.168160893;5471415.94161306
26101066;13851723.509657655;10857114.277040467
26101067;7689501.187824329;6706480.205825461
26101068;26726303.876627527;24866136.358848855
26101069;3447693.2535845228;3190860.3460867307
26101070;27890234.519499417;23648067.096901797
26101071;4715454.576185168;2693930.237321085
26101072;23578259.684538573;12334629.677014748
26101073;42423172.065555535;22115018.857093554
26101074;13899766.953324981;12546495.153020866
26101075;1233875.6981100473;939949.5848730667
26101076;27929474.498255182;14714134.66969493
26101077;41149100.14180277;24234670.93006994
26101078;12988250.205985948;6884491.088315255
26101079;6168441.935439045;5008564.851552845
26101080;32885639.284401026;25590209.28952652
26101081;40339718.834090255;22063102.89967068
26101082;11865559.341554299;9371617.190443218
26101083;31161235.534999643;17254561.534992795
26101084;16329245.339185664;10672719.869535156
26101085;39751515.85914295;21494953.55580228
26101086;21206167.16244744;17442599.25533076
26101087;15534309.973342858;9407401.801470736
26101088;11342160.306105483;6558622.300556304
26101089;35735769.67896733;20072709.500282105
26101090;20579738.54144438;18218061.393994063
26101091;34985362.71792591;20310247.38031282
26101092;37464245.72459929;20750003.09835336
26101093;45156722.63898582;24361641.205268778
26101094;20167374.0544295;13785703.320082227
26101095;8155450.888164858;4239859.691957448
26101096;12883997.593443152;9599651.019800493
26101097;44229283.36551362;23298074.446475267
26101098;7947183.714282766;4574625.051046539
26101099;13743266.923694963;10311662.088189034
26101100;31970579.56116716;16775715.993306678
26101101;40252216.03694732;23417378.752790768
26101102;36956362.44306661;20079346.087251898
26101103;693811.8193110859;577576.1634753981
26101104;7269937.866829154;6124768.023318376
26101105;16374258.54229969;14572592.281430287
26101106;9215768.051506506;8917174.185773654
26101107;12205683.946129682;6839425.007209692
26101108;26644704.514165;24795888.48328421
26101109;33205696.45273227;19015889.251623627
26101110;19162284.725206245;12343646.513886115
26101111;23637620.67569221;17640343.618243456
26101112;17736514.679818854;10706429.21633127
26101113;731578.1567797804;386959.4604183338
26101114;31751106.576583877;23261173.20156256
26101115;10611689.583422149;7976829.947575657
26101116;5351089.496631462;2982429.5953338873
26101117;22194748.259667106;20831227.541516546
26101118;25077273.49661457;18600682.85767614
26101119;33690215.4331745;24444677.02970308
26101120;34657881.50712444;21287502.33284179
26101121;14927110.021832624;11564503.881960003
26101122;8223199.942616391;6416545.945298881
26101123;27965922.218506113;15019677.270247128
26101124;31859841.56118051;16691619.337658554
26101125;12762289.315202443;7249388.625948746
26101126;22499558.45591468;12217970.50437615
26101127;16846371.371623173;11933434.148518777
26101128;36515642.51332879;25447139.206220087
26101129;4397764.869987492;4085344.643994492
26101130;3233279.5517503866;2047314.7744316168
26101131;23806055.037515096;15876918.01726335
26101132;28799069.757889863;23404975.25515391
26101133;21401103.113984793;18020049.087901108
26101134;21899903.29816856;20207489.147766076
26101135;11698174.127934795;8586318.667221671
26101136;13083333.771618953;8817560.343898928
26101137;25151407.568392735;14618144.491050428
26101138;18988194.246227212;15552793.973222166
26101139;29402258.874848884;15072436.018100783
26101140;44567341.81425025;23357316.88133007
26101141;22776874.77237378;12667935.382392485
26101142;14217766.49500897;8287050.801685552
26101143;37899253.47602152;25786332.380881175
26101144;32398199.752903067;21285919.281069893
26101145;24032431.941744786;23069384.264691714
26101146;32295950.942066476;25351260.442867883
26101147;18642104.194433894;17116815.29300037
26101148;14184563.402429568;8884095.010989795
26101149;41731303.45671854;25139011.155767947
26101150;39355581.00364841;21274891.725072466
26101151;9460745.513772858;7175861.246527116
26101152;2024380.705577123;1100793.8898754974
26101153;5043461.4923014;2969219.9560830197
26101154;20985320.881453108;14297007.944273636
26101155;34790985.624659225;18924371.133691337
26101156;27678398.706102215;15653839.691110762
26101157;7677588.6771575585;5008310.396109372
26101158;36513281.2079241;19346646.75404243
26101159;14822243.624662234;9421840.459399749
26101160;18831629.077356707;15339311.753333712
26101161;25339962.32882054;17539078.583011903
26101162;30147550.662058517;22086075.540593237
26101163;18702484.727172233;12082408.589643009
26101164;31694850.230842378;19545508.07694756
26101165;8269911.818106281;5848335.706336064
26101166;24956192.78625772;22724878.065012615
26101167;22187237.828245066;14470615.593602285
26101168;25710071.104548156;23002063.013194643
26101169;15366642.699343652;11613350.872678813
26101170;18898206.82536034;16312588.639790501
26101171;826430.8711655396;725174.63121038
26101172;32478545.887681037;24344465.846096307
26101173;15354861.06245402;8660317.48411385
26101174;13376813.425974896;6696403.578314915
26101175;3233315.970603048;1786162.004564709
26101176;26063594.849069517;15370952.304855056
26101177;6546567.045473155;3286172.5769336117
26101178;3276208.073734677;2218155.484411469
26101179;38409841.03255505;22881508.24385431
26101180;2180482.972728724;1689570.3848154654
26101181;15315617.311108714;10110487.842024958
26101182;8333543.789869799;4346699.832327703
26101183;16704884.228967233;11524194.060619801
26101184;26471399.458127532;23929385.536030207
26101185;40675201.22607418;23183964.007205248
26101186;36312637.80778273;19219475.01378071
26101187;22987391.59592137;19964747.39771849
26101188;16166822.531390524;8149250.705521936
26101189;16767086.84400875;13573733.273153868
26101190;747194.6254221415;430116.53239135904
26101191;42039160.541991524;21255251.40658264
26101192;15209868.995923972;13415444.95027494
26101193;13532763.811148252;10470124.785931287
26101194;32649283.44952364;19532220.500259142
26101195;4806801.019970501;2777173.1717974027
26101196;47328271.466876626;24883868.137200095
26101197;10904916.227686267;5989014.008432305
26101198;4296990.266709423;2244708.63728507
26101199;11667263.066269599;10927138.316775396
26101200;3278700.8637563954;2123386.5760611203
26101201;43561199.17705276;24412407.792474743
26101202;42258743.747399606;21592053.20268832
26101203;31253319.157268357;18644386.24906167
26101204;32279567.61060497;21549944.40259434
26101205;3478227.800482041;2135362.7960475385
26101206;35008940.39737891;21113289.521926332
26101207;33805365.873605594;25218293.928094372
26101208;38442462.33216945;24051744.70818638
26101209;29560637.724430624;20217492.84423
26101210;8410627.583031086;7629332.644327049
26101211;11554276.282817345;6734133.60648817
26101212;1266320.8375710438;955008.5059388514
26101213;32452409.833327606;21378001.643854838
26101214;22770411.30497862;12457717.220581042
26101215;23053075.190215137;19740574.610279158
26101216;11412186.095193299;6834786.927994244
26101217;10287296.771533258;7404181.934903549
26101218;12951536.50255574;11137130.43221274
26101219;24888741.46031302;21266919.70053097
26101220;48041178.48397562;24909055.453635864
26101221;15012175.575005652;14191989.086549247
26101222;28552462.694119595;25849400.632949445
26101223;705700.7902855844;392093.9440235078
26101224;673568.3540830429;407778.3486831764
26101225;25015369.694815416;20482390.608563717
26101226;33080911.05122544;16914099.13111058
26101227;24473111.71272347;15636570.325837478
26101228;42584832.67363831;21375163.573475435
26101229;20630659.94363514;11487835.450451901
26101230;11013314.462392623;7085073.967601707
26101231;17489921.517573513;15502914.729778267
26101232;18422240.02160197;18173875.21057212
26101233;42411962.04716493;25324792.90601284
26101234;12657803.807105957;6660261.12920644
26101235;15090413.083995908;12320162.834937
26101236;2483413.3585931063;1551591.453421958
26101237;12867644.20883674;8942629.427919133
26101238;5844013.664314565;4356116.012185824
26101239;24836504.39753868;19687268.63851755
26101240;24273395.905601077;21691852.716692463
26101241;43208648.88331679;22701245.78056075
26101242;1054456.2225843065;867925.8168333935
26101243;35376659.71322168;24179057.105202757
26101244;837263.571799649;425457.1026625258
26101245;12069290.160682512;9040027.648797851
26101246;669659.4292490676;369803.44276517845
26101247;31617394.7841638;19664919.071997028
26101248;28003797.7071721;15377673.805953477
26101249;37854962.251132995;24529243.742623776
26101250;26971376.863325726;20987624.524117548
26101251;1944838.9248495833;1041506.9785603222
26101252;19852217.735463474;19131867.036220334
26101253;7986218.351609797;4845342.579995533
26101254;24829101.183598746;17607967.473993827
26101255;38410295.27478789;21700213.49955626
26101256;25650843.49285444;19075711.010703932
26101257;6786165.124010091;6005440.861574745
26101258;14624181.038362313;8559766.9235232
26101259;2223812.3064839477;1970294.721639659
26101260;18281527.035621967;11716365.295587216
26101261;2523637.950031019;2139975.942341207
26101262;28916067.29500249;24548850.516626846
26101263;6214696.982486336;3343464.0570427165
26101264;26874481.60302821;15151577.60858088
26101265;2063669.0937359992;1854896.5974214086
26101266;43336356.95979772;23980865.60260091
26101267;41742718.829118595;21922522.175356213
26101268;32954574.664331023;17669958.735245835
26101269;28636138.89552839;21663577.23104139
26101270;30415723.98117454;18640499.410062205
26101271;8315545.354774396;6639882.898605948
26101272;31017709.801335216;20763925.276576646
26101273;36680602.2598358;18900632.365764957
26101274;16974293.52258162;8895731.990575148
26101275;30995800.71101539;24642833.060307506
26101276;11807307.384598251;6295183.882224576
26101277;7629530.361140429;6116699.304766366
26101278;27748792.126485735;21144446.21622328
26101279;40262650.27426721;22059495.914689556
26101280;29022855.955991775;21583082.73128259
26101281;2878359.8761738148;1676219.996912505
26101282;26883402.250546493;15369933.983562065
26101283;5943125.338649141;5930390.044847908
26101284;29447117.83795463;15788413.92037104
26101285;16561668.498264894;10561561.660023186
26101286;26787101.977219876;25190802.866017547
26101287;17928052.894704282;15368157.744731791
26101288;33211523.008459255;20076481.018022355
26101289;5217609.610313044;3124765.098157545
26101290;24664376.85198519;12644744.704048946
26101291;29118942.738627005;19749248.436005726
26101292;1219978.5652931458;1106769.9414964619
26101293;16854416.66407887;9154477.692545325
26101294;20725947.601945333;15830713.221955622
26101295;17362662.172910694;10774755.841908885
26101296;25466145.46133387;14932243.365235208
26101297;10850705.821469609;10682819.727689808
26101298;25312177.465548087;20360853.893251743
26101299;44985989.407589115;25092544.18435672
26101300;36567690.317489795;20884457.94488694
26101301;2290278.5679369587;1197106.4391561728
26101302;10810698.473445255;10012385.674006948
26101303;12268419.471439196;7509645.940480535
26101304;33731517.66393167;19881917.673388824
26101305;9858005.427776726;6267963.883181086
26103306;8252461.085105259;6375511.956466141
26103307;1743203.3414073936;1002308.8307861034
26103308;5754513.574153488;3569151.4155893843
29701001;25740300.423963808;23018194.316285606
29701002;37784612.99001183;23387754.912162915
29701003;5840706.005814814;3980506.204684076
29701004;30106310.39685479;20516020.998646706
29701005;33249802.918930855;29447877.103436273
29801001;30923904.95599593;15906794.513741482
29801002;20092368.046560585;15566055.37448117
29801003;8169555.700456198;6684062.3773920415
29801004;36093393.50372874;27137454.634961907
29801005;24167116.91970068;15588115.538411686
30101001;14718613.704302823;12966795.140469925
30101002;3762503.0519935493;2835481.972782925
30101003;17618383.711114045;8900437.713052632
30101004;21019106.556549657;18704571.620744716
30101005;41021939.54025346;28317204.24876843
30201001;28857445.496880542;15515729.894231834
30301001;38210342.74050145;23246878.128165245
30301002;23447697.41030152;12910568.144204939
30401001;34068907.195649765;19322705.389105204
30401002;20346488.880923457;13534709.512646297
30501001;10994756.802699676;6355765.811641103
30601001;28829168.108112447;15555982.409172766
30601002;99484.68044378482;71611.2126269369
30601003;40687027.815498255;21111573.585088797
30601004;12381882.018482676;11799949.656872913
30601005;17027395.435284324;12033295.279700821
30601006;42162978.40418312;21960296.46839402
30601007;17851608.047334917;16559190.738483654
30601008;28741839.624314442;25179221.832254086
30601009;35151912.959573016;29778613.163031574
30601010;18662358.03830668;12427840.681905605
30601011;39605164.71051995;23248149.16716619
30601012;5506929.598832951;3203025.8928960366
30701001;20751438.87708245;17485468.108102053
30701002;22162558.417769216;19121154.009495463
30901001;31429830.8618062;22011369.281481165
31001001;14146982.109782562;10879642.750938712
31001002;57892583.48398301;29120984.46063534
31001003;16115348.11460152;12922483.79892841
31101001;4018859.5012058765;3240017.2294357982
31101002;10288837.536283134;7061511.896753268
31101003;18005374.76669667;12499579.125742063
31201001;35462918.765444934;24197410.53653038
31201002;26877592.628008433;14609108.301431658
31201003;32113083.98977746;29328151.12021702
32101001;31888601.71954806;16416099.910778668
32101002;393793.47808450443;325553.3077099166
32101003;23676935.87300255;20150782.62430326
32201001;36436363.11537935;21163498.12750815
32301001;44657208.8099508;26714985.81425555
32401001;27198032.51370679;14014859.314154163
32501001;24312071.49263044;22245728.824936382
32601001;36212067.2458462;22716838.138110667
32901001;34708395.232951686;20283607.45743678
32901002;23075940.167552624;13399411.377578633
32901003;11736466.876874322;9833048.981953673
32901004;22432533.070800316;17994278.379656136
32901005;9014127.94048853;6048682.269987626
32901006;15941189.152900537;10665949.402537122
32901007;33190963.271852206;17859703.91199439
32901008;39464481.93104969;23912105.718280304
32901009;2261373.3589534094;2222875.972911073
32901010;30442425.453783702;18581973.408526015
32901011;9505961.964270735;7621291.980118906
32901012;60291946.24966225;31361187.202378824
32901013;13728390.46701457;8102231.389846301
33101001;30771218.091641266;21565886.753171023
33101002;30241208.2093694;26022956.0144518
33201001;1553610.2068088492;1257959.5241934643
33201002;42137074.37648584;21638435.215670787
33201003;51216231.55118045;28628840.643368162
33201004;15029519.194674714;13295971.140144404
33201005;43202473.64036566;23127060.48776116
33301001;2392597.7542130286;1282016.6268649101
33401001;10532610.567220224;8379673.296349099
33501001;2650647.4056265308;2153461.075278765
33601001;35005087.08076178;22974975.293283045
33701001;10518912.653558701;6994987.273005823
33701002;23551394.68000298;15769314.990224091
33701003;51115484.99125032;28138254.99483141
33801001;13206132.53157347;11234366.27131627
33901001;13684293.185487878;13083896.0501921
34001001;8245603.104090241;7751496.191822538
34101001;45375654.54309571;33233274.78334649
34201001;3550536.8326481227;2432102.254171382
34201002;55684371.36068634;32097983.99498203
34201003;48379837.25242998;28683270.680718813
34401001;47018377.72778338;32778081.012197006
34501001;9683615.867926214;9542571.447303768
35101001;13246765.009504234;11202835.486371443
35101002;40438744.28332889;22472759.12523717
35101003;57037678.12561992;29414065.488788143
35101004;30207910.554175843;16442815.684184764
35101005;52367274.06597089;32713444.061920114
35101006;44841334.3423765;24601592.637619477
35101007;14051757.407869713;7677681.086342403
35101008;30791684.249975804;18733469.311174992
35101009;56074878.408077106;28422213.79348699
35101010;24425857.757388793;19159660.340106204
35101011;35611241.73667349;25587161.565929353
35101012;31269902.48500794;23657677.36755643
35101013;22873166.448723003;21267300.318513397
35101014;26566482.43454576;24886682.84466864
35101015;45995271.65454845;31294206.75245757
35101016;6597139.328976522;3756978.749085331
35101017;18608458.540262125;18007694.884192374
35101018;23457631.99185306;16454977.416974599
35101019;39870441.493734635;27270964.738554593
35101020;18474683.064662803;11806996.789637785
35101021;59367381.4849768;32437522.205743823
35101022;23392720.327183966;19403238.030659456
35101023;30493500.170692556;25510907.572450157
35101024;24157758.87785395;23431529.73157039
35101025;10461944.334680203;7678290.743512433
35101026;35594769.14328829;24560812.18468936
35101027;26057366.472070593;19272276.574247565
35101028;62369170.68246397;31394118.90092299
35101029;4080481.720878924;2137604.9627052303
35101030;8392525.757497542;8252455.2524667485
35101031;43721705.38392511;32984318.056916956
35101032;35256187.329447865;26681684.7990372
35101033;65126222.420689076;33368932.09498353
35101034;9169104.843498457;8074757.86164106
35101035;6775401.233212076;3919382.024063261
35101036;26789866.38460766;17000648.550353598
35101037;3867894.1391327675;2537950.0960681187
35101038;23706769.97695047;22072225.094763905
35101039;42728520.27824632;34071363.87049902
35101040;17059773.17126554;14581287.743306987
35101041;45125762.75115701;29264059.887934513
35101042;21492876.38801332;15073300.092142945
35101043;29140346.14861707;18181615.80118397
35101044;18285682.10855793;11995814.605971007
35101045;1961749.61781646;1532986.426588822
35101046;39861287.12154319;26072521.789820954
35101047;36961251.41701401;26228350.742440503
35101048;4048683.1665940317;3287348.2755857077
35101049;17037946.580261823;10309311.74183711
35101050;11008137.343298217;7243305.203388175
35101051;56985853.75248126;28987231.676374186
35101052;23181245.85296781;15171203.301428452
35101053;5964824.695180206;5890828.826887334
35101054;29678328.85502001;21060794.79333722
35101055;36861240.83396678;30157715.26138639
35101056;16837030.717653997;9371767.138141453
35101057;18381667.24751168;10689416.493848154
35101058;50548769.97038502;30965479.36427144
35101059;14483362.835464258;14094362.043849599
35101060;23961288.490120456;12800338.082590759
35101061;33909337.832263835;25444148.769823194
35101062;6102872.595997622;3197264.192723169
35101063;57690480.95855239;28887618.0687104
35101064;37890620.5279536;25581391.806475583
35101065;31599123.642795727;18760188.624198865
35101066;18482489.365853895;10220196.682380615
35101067;43731359.16626131;26417186.703257866
35101068;7121208.078618866;4942906.971899783
35101069;37984545.47671567;19920365.124883622
35101070;8613749.309911551;5398659.442425296
35101071;18828875.997996595;11802253.51583534
35101072;53686690.68539329;29890468.85549112
35101073;24370244.677922558;19961636.399333563
35101074;40554596.754007675;28691625.528065994
35101075;5654998.6632752335;5046862.074660023
35101076;18938453.255210403;15339801.702872746
35101077;35529268.94935621;33125907.084343955
35101078;18702595.228881545;12035889.60936506
35101079;5164995.199163071;5073592.723788734
35101080;15398257.319755364;10623620.635384608
35101081;31263980.092319977;16558476.857011415
35101082;2786143.4758640416;1513951.512036252
35101083;39662802.7339998;21986872.04388017
35101084;2236918.088569425;1332910.6755190168
35101085;29884038.445335362;28043575.29196955
35101086;11047068.416959897;6231412.462271766
35101087;15827992.56962865;8271412.550224977
35101088;21108373.739560865;13237143.228108715
35101089;24232637.467940655;14832586.209324023
35101090;40602013.6355744;24319674.90866424
35101091;39666466.57183129;32323804.58964525
35101092;53182248.654581025;32176927.51366807
35101093;5936660.491169921;3723911.9473660383
35101094;5353052.8677632045;4286922.777942819
35101095;51074.19162368183;46847.001074970416
35101096;22132856.677556306;19329897.809477225
35101097;875693.1225568504;542956.9214782168
35101098;12756770.459748853;11871183.994754672
35101099;47188105.83428385;30488316.657200027
35101100;35221955.18019226;23693290.56548154
35101101;54983222.53240423;33397852.671115234
35101102;9321873.319518201;5082177.037543741
35103103;4903823.7909382535;3245021.662819905
35103104;16730775.365890248;12244801.42304838
35103105;18608073.52265985;12958316.425019596
35201001;63388439.41649694;34740624.27826561
35201002;16232517.708863515;13521975.874664202
35201003;18063392.810844146;9174980.084555188
35201004;20726379.0315221;15025425.707250718
35301001;12785725.791776055;8367278.783171352
35301002;30884469.70560759;18582614.15992267
35301003;50169189.63096857;29056898.451714717
35401001;12826731.04482378;9709931.807414398
35401002;5386387.09918206;3516403.55417833
35401003;8630743.424766209;6376801.277422157
35501001;18088633.141567588;9972479.710908972
35501002;25320561.570443254;24512563.537704043
35501003;5447684.640283042;4289315.575867823
35501004;50166338.83914786;31553785.529589523
35501005;24206841.902433783;12460918.799845688
35501006;6777974.4183212295;4593125.07887949
35501007;14410488.127438594;10254522.72482258
35501008;54752613.918464065;32213821.104207013
35501009;12235930.796280034;9460540.750204798
35501010;49563454.16448669;28287041.02773514
35501011;51054977.95413756;26143335.354353204
35501012;11907770.918692674;8197555.840668825
35501013;1587145.6809980501;1103672.6832841872
35501014;36024934.60022384;23399494.856482286
35501015;36805483.469816;19033718.12167848
35501016;33725008.601600595;30032943.141526416
35501017;6432212.191962738;3914106.3617206356
35501018;54413609.83866878;29753999.59428651
35501019;14412688.540432312;12145219.14144842
35501020;14796591.028711144;13956227.521933097
35501021;3592619.3585757995;3475524.876898456
35501022;59435751.71422262;33858626.510106616
35501023;12747744.39992931;7335672.60198929
35501024;39914594.05949525;33244908.132941563
35501025;14451342.925775554;13923445.715020247
35501026;23744309.331596244;18280086.894112367
35501027;27138630.864667285;20785034.0306298
35501028;5520046.345482766;2810562.846051827
35501029;5442525.097080213;2807478.6701768017
35501030;15917396.360935448;12946764.406143311
35501031;31711740.71666621;31364787.700355347
35501032;3052773.539712612;1711763.0616183677
35501033;9822491.68547628;8045683.775345782
35501034;48737114.76665526;25174805.390091892
35501035;16969229.451198798;10681559.743205423
35501036;31807497.4912111;20881642.96276077
35501037;29146591.267201483;22346091.64035716
35601001;34959081.985335246;21975719.871310648
35601002;37198204.572687455;26615884.43899178
35601003;1921192.0763230792;1626837.1726780161
35601004;37695312.91748309;24478311.207258783
35601005;33558343.832640335;22774771.01661193
35601006;37955322.96564289;19074875.77180909
35601007;36999066.52586491;32466902.535489865
35601008;15696489.252523273;15283097.623526191
35601009;18565456.174653456;13181212.538290367
35601010;22884015.54107506;20268424.99751066
35601011;15420016.611779481;8441646.232905284
35601012;31805028.201185133;21791710.073655065
35601013;2081721.1465999836;1543828.4432227772
35701001;4787155.094963559;3004570.4744198513
35801001;25085825.37147123;14243593.308729617
35801002;24447225.502685796;21935010.064446956
35801003;5983660.850021542;4210522.202680225
35901001;6168177.781894825;4043121.896555715
35901002;35748760.82884222;29461185.6820947
35901003;2743506.666273939;2282485.820573595
36001001;20014082.00508767;11999640.511401854
36001002;10967080.511360014;9813516.364144098
36001003;56342186.48137006;31315626.70535142
36001004;26902097.70064901;15071036.413276771
36001005;26578619.612280544;23609303.999065354
36001006;9373597.14920613;6159004.732844662
36001007;10097291.953916578;9384131.970707865
36101001;34664501.46310848;30156339.655907944
36101002;41671871.76812828;30032729.076603744
36101003;8051938.695007806;7356263.777045923
36101004;29738538.848772995;21632195.07139849
36101005;35945637.469277106;20116340.0019677
36101006;20554177.720218953;12796043.667423926
36101007;32960343.47036431;27262127.410286237
36101008;33627229.67520623;18638351.017785057
36101009;52904200.89687912;32893821.4370267
36101010;3381569.209352529;1877832.6925353692
36201001;11378238.134768855;10952191.56838352
36201002;45348174.64055637;34614037.580987945
36201003;25420751.961246908;17759896.948212404
36201004;31524796.035112325;19845113.41492703
36201005;18426981.193806846;15665197.804976888
36201006;17939907.46849773;17390341.202477027
36201007;2980912.473830823;2110900.8785097003
36201008;12835476.148962913;10622654.317152867
36201009;21226741.57350089;11064663.235673595
36201010;51708586.34806688;26331395.883186575
36301001;45852062.63023655;34335825.57443389
36301002;8024427.879273283;4878373.183726275
36301003;7208126.038557289;3783510.0511601903
36301004;281191.2025428617;149489.77318238487
36301005;31099770.04452625;24250206.770048868
36301006;33335909.20700879;27692041.869217657
36301007;4276162.153256081;3566679.82762408
36301008;32731773.341638587;28294083.657866143
36301009;47184604.87876203;32053968.393629145
36301010;18033930.606724124;9536985.73465877
36301011;23818049.284482427;16730086.007389728
37101001;39480235.499100976;23678709.67686233
37101002;49833903.80704642;26642389.73035189
37101003;39096478.68249758;28610723.41114583
37101004;5733423.697776007;3166247.3116427152
37101005;28153360.79398594;19050538.722848088
37101006;49265032.435027346;36228406.148858756
37101007;13470352.238180695;12899154.640083155
37101008;17706812.42857011;15346316.485493176
37101009;26197914.881782066;19859016.169888802
37101010;51704705.28487511;31519572.451473627
37101011;10107389.619172947;8063348.170567103
37101012;24539428.131100085;21914188.590315145
37101013;4416120.256145214;2597957.0081509654
37101014;7755970.722641237;4969111.602695566
37101015;15796725.832113208;9138773.087171037
37101016;30696894.081171162;17812501.22284122
37101017;33653154.87150838;27917753.442829236
37101018;5065382.084456724;4402364.249730093
37101019;39624928.16375233;32341165.67750413
37101020;38741577.25097278;30377224.655985605
37101021;35063643.17869689;30391284.65982785
37101022;55254563.431263216;35843620.413557716
37101023;35839533.82637541;31033483.22344986
37101024;52941420.010700025;32303463.813463416
37101025;34485041.14641002;26036403.67440422
37101026;35136987.29008241;26726294.940115906
37101027;1989525.0451252644;1690852.9211529517
37101028;47020366.89411668;24951919.160910632
37101029;24231855.329002865;12985272.174813602
37101030;49671942.69683305;28432225.607585777
37101031;44256322.60988402;29995933.26542556
37101032;29050075.355206165;15865866.350510256
37101033;41885572.72190817;29232563.680870652
37101034;5116091.011854982;4774340.722335028
37101035;10230988.449432632;7434791.907012176
37101036;49823386.18896923;32161177.868894845
37101037;21115640.541034658;12838416.622791747
37101038;6966869.271592501;5578761.741627688
37101039;36401329.570891;29930351.570727497
37101040;49041953.22168901;24778613.302288603
37101041;2260020.1134834336;1210751.2076630513
37101042;16767716.010075819;14155289.459450288
37101043;36876589.34105427;27077364.027647357
37201001;61670521.29679102;35440105.07708295
37201002;24268769.978869222;15547411.613256626
38101001;22937128.02936821;22169596.994528286
38201001;13495527.216081243;9199058.164382119
38301001;70430514.02421935;37243079.171862416
38301002;4538566.923379748;2463477.8026681254
38301003;59573174.10575416;30615495.050181653
38301004;69366706.00813629;38003644.70453161
38501001;3388091.6391461743;2472550.1208883515
38601001;8128665.718295033;6345005.495065951
38701001;14928639.826123772;9663101.2571539
38701002;46339220.26637961;36985525.39685354
38701003;54576672.03117728;37670760.73619867
38701004;7035236.329417576;3762891.4749830225
38701005;14842314.72620204;12589096.39512202
38801001;29002776.5306534;24649573.93047685
38901001;29865968.565415855;29260003.966638315
39001001;23825955.28234604;21020559.193051193
39101001;30983691.318462994;17026037.21888951
39201001;23123239.932828203;19996996.79194534
39201002;36234535.06741716;23171179.930484403
39201003;29679722.78008453;17148795.335480113
39201004;8865641.020131944;8606983.629881255
39301001;18611521.732858352;9756159.675742013
39401001;40221324.93962408;26217938.95140025
40101001;29193208.066728696;14666885.234410923
40201001;30576396.648734406;16785030.986164078
40301001;58086440.24454942;34789661.36041715
40401001;4374116.850698934;2369525.2758611366
40401002;36261893.908889085;21993619.607592292
40401003;25713925.08118614;18291926.65685153
40401004;19145821.080516983;18464591.237716515
40401005;76309036.35808457;39438291.00036405
40401006;2957867.2378241606;2261742.061512637
40401007;3895850.5494660623;2904295.218970578
40401008;46191946.05985241;34258793.396471545
40401009;671371.461605652;550441.078904144
40401010;34690154.82717834;23197968.15404285
40401011;65840809.99781301;38327911.408247545
40401012;70380433.56706788;39360028.80709432
40401013;17931458.225139733;17748008.17972577
40401014;42966232.623902515;34678450.44644098
40401015;1740319.6212396326;981259.5863859474
40401016;53840066.4589033;32806130.198990654
40401017;19072777.87558836;15027585.590097133
40501001;34675638.423086576;23455738.21288405
40601001;33063806.553139914;28060141.169744737
40601002;49539658.51220192;31756172.000840556
40601003;31656059.941269476;29376907.695982866
40701001;10881696.714479573;5945477.572531558
40801001;44582117.46099174;27399946.718525045
40901001;67370671.3965539;39613806.61424999
40901002;1889409.5473802995;989343.2992651222
41001001;27293623.664464995;13959041.774786705
41101001;25116649.177880567;16572910.876230856
41201001;28294913.073021933;17314476.866372246
41201002;51283750.036894105;34308535.83099591
41201003;47008318.818837255;31304793.464360446
41201004;17505992.911524486;14025469.602207009
41301001;71220004.51801176;36564163.60904832
41301002;20097578.019746304;15515869.161600567
41401001;28435203.938936107;27448824.417014208
41401002;44033923.764591776;27746116.693475798
41501001;4888971.860575304;2811076.159862874
41501002;37165356.1165194;31196478.573741116
41601001;20052861.690287363;17787992.315567307
41701001;645532.3271125171;521707.27241669415
41801001;2052936.4639992113;1827291.521458913
41801002;9239275.166998241;5728157.925687933
41801003;24682574.156154633;23837804.898141976
41901001;8416588.841577064;7258271.51105576
42001001;34148382.953462794;18185943.12692532
42001002;18034670.920932427;15100866.075498108
42101001;63112820.63208007;42053486.872448444
42201001;21946247.197500896;15422114.867564317
42301001;56019705.8895459;33464317.1532578
42401001;54300010.9016535;40017431.5670193
42401002;25357992.87238019;17330814.860998895
43101001;41401674.34184354;22761650.392968778
43201001;5299822.845357924;2838806.2576923515
43301001;46698307.70057914;32985429.754803058
43401001;54434130.93006014;33356784.863622382
43501001;747851.4866505716;474435.1826939505
43701001;63788246.46963974;37871082.693612866
43801001;22120911.807012066;14728779.610951075
44101001;11174170.261916297;5811356.728694662
44201001;45274245.21035749;28347015.976068422
44301001;33282760.79786641;19869811.84344269
44301002;7536249.019022357;4624590.898436377
44301003;53397422.186524205;34549627.92749009
44301004;39647735.971971504;38641703.24571006
44301005;72485311.9994002;40514801.36039756
44401001;36429974.96498893;33274143.166606523
44401002;23201410.463587463;17278214.238916025
44401003;42738998.41906968;28184258.35217458
44501001;42004837.934174776;26960500.64801212
44601001;74985889.29583327;37910543.682043865
44601002;46510241.12252447;41251171.50654098
44601003;5198112.361216081;2641366.6518789586
44601004;11420757.603937188;9065564.29485718
44801001;37596525.14619789;31580801.655509852
44901001;57784369.30961378;31663766.92150228
44901002;11415429.002398849;5970995.760015804
45001001;24389980.760342818;20016885.016731534
45001002;83782966.80457586;44453604.96581327
49101001;38638741.29041136;30964231.26568114
49201001;33473849.935972683;18605817.689813677
49301001;411694.2707855396;303173.7836097508
49401001;37418366.84972462;25168157.641166855
49501001;9584070.231159875;5539748.615629812
49601001;72352881.93689089;44738963.38658677
49601002;30120652.608223353;27724772.950297337
49601003;21973190.51173221;17664520.01404789
49701001;48634933.29411065;25910103.41832777
49801001;76642225.67701425;39424457.20503197
49901001;54280502.106259;43304147.720964216
50001001;38766337.752870336;27465529.643073183
50101001;74197846.73863992;44778089.65115801
50201001;64899838.68222024;37339768.91476369
53201001;3721970.7676968584;2654199.664036643
53301001;81684474.45513073;53118202.16899531
53301002;27359539.011091214;15328054.35777005
53501001;584188.500806649;470506.0428014221
53601001;91568087.58258088;51264759.97632785
53801001;57792932.97207666;52388594.453509755
53801002;95302868.8551934;51123110.87404962
53801003;70494085.41982633;35543641.42306259
53801004;43416512.166635744;25397275.600366347
53801005;58368410.46692466;33067153.123393167
53801006;57679900.64150406;37317186.6898687
53801007;50518496.401867285;33026779.897664167
53801008;2915941.859378132;1593962.651715134
54001001;72433741.35235512;46934220.461953424
54001002;30047952.33937113;20242708.760716874
54001003;57953177.66434017;36785822.66722821
54001004;24004380.318524368;23836532.715119075
54001005;77337870.74149168;51910417.18578698
54001006;51967734.62239464;44234827.50607752
54001007;50929820.84220685;45795490.639406495
54001008;14005008.778820848;11351280.237629969
54101001;31240313.124763872;28292511.06801655
54301001;59888075.17191851;32379714.16023705
54401001;15204732.723202247;10922065.58791717
54401002;58196828.513125055;53626156.787511714
54401003;65015634.646582186;48646647.97588783
54401004;3803036.806987189;3016733.3753560283
54402005;71757421.11932607;49272030.93843755
54601001;40949308.698034875;30115038.69911337
54601002;39052280.96330645;30672336.688484475
54601003;62335275.37946592;33644911.76385885
54601004;24432217.428428456;22332051.374128945
54601005;75636658.6164239;37838200.8308478
54601006;56266898.60138725;50605605.71542535
54601007;17664664.148770787;17232423.05651636
54601008;48363.937676252535;32208.684689006222
54601009;41018750.30649186;31272176.659838695
55101001;60568131.82164157;44550719.30077938
55101002;28920489.313538052;18704123.04505748
55101003;27344110.07932103;14705880.544434855
55101004;77356723.59700331;53649870.45472567
55101005;42054630.894266635;29563879.566262044
55201001;45059292.895662405;29071928.083953492
55201002;41633913.17328058;33690097.46078394
55201003;36502833.57056799;22900909.53416362
55201004;92082233.7690547;52993586.883529626
55301001;31588623.89524387;17712796.97584229
55401001;61548445.492300674;34918755.64478688
55601001;22211385.672323205;15201914.94367363
55701001;45522046.8507318;33379067.183624826
56101001;48960408.33482883;31114761.594481174
56101002;19268953.67824508;11290064.256703138
56101003;55235908.48847869;45631040.4079768
56101004;23062930.400985155;13059742.285379037
56201001;1586584.0776507945;977157.105339986
56201002;40744845.489756286;33263971.355474323
56301001;24961492.222347956;16484635.32805334
56301002;51522511.290987864;34305773.17786049
56301003;40127941.834705465;28781490.13117579
56301004;9123305.90490411;7126967.158260646
56301005;16471759.38978042;13519087.355334792
56301006;22455138.548294947;21986004.989874996
56301007;46932556.23485136;24376797.512788475
56301008;71580611.34243871;36998131.74897391
56401001;9397341.655039761;5594585.433140578
56501001;2514172.6349554276;1499528.74837784
56601001;73613226.82257566;50931156.28122537
56701001;65866258.81452199;36984967.2903737
56701002;36493946.96102226;23730947.149188716
56701003;66703360.792683534;33897914.304990835
56701004;12733841.911317227;7477405.519910665
57101001;58542677.381347716;45238235.915736854
57201001;65041968.76211155;35620827.26749107
57201002;5648938.267319355;5440252.64484059
57301001;56731762.88035693;30285261.29518286
57301002;5708669.373860869;4247327.303060479
57301003;23372333.350280948;22688840.00704451
57401001;43489204.66653058;33609145.11339658
57501001;19207445.445467435;13549407.984371962
57601001;65402413.14989992;45607578.58271006
57601002;19726315.960518505;15152362.490644502
57601003;36789065.92070439;19156928.90189268
57601004;36167566.23965918;22901745.594339766
57701001;50100171.774718516;31737568.37586732
57801001;41651593.64325591;23509958.78494821
57901001;70388661.21785995;49192266.38142182
58001001;58358506.903641336;45126262.92107217
58101001;62824701.74049385;56424359.35029769
58101002;37803327.465632096;24422440.456724398
58101003;29006688.501866993;16062713.092866074
58101004;51625047.80093542;45762129.99677153
58101005;26792257.21465244;15689727.145851364
58201001;91513744.81890835;47448770.79162929
58401001;18848894.10259884;9485242.075140012
58401002;48344151.33585739;47603938.37774864
58501001;50598223.65711957;31551299.56694804
58601001;26760035.065131083;19623829.873304583
58701001;64206178.0260658;38831019.34235832
58701002;15228425.975461895;8447148.40344368
58701003;56661332.25212135;42923993.469331674
58801001;28979090.386111278;15721093.820544599
58901001;30169098.78137945;25648686.009920303
59001001;42223277.447809316;41114997.60401388
59001002;51128604.09463868;46003721.915469475
59101001;30345793.222702622;21347526.481634382
59201001;9038484.561453259;5591123.151846364
59301001;36759015.09106405;24737336.07374909
59301002;60392462.4063261;46681401.22758495
59301003;11557393.25501239;7116672.850427944
59301004;33784663.88814096;19773485.08436644
59301005;14657810.310488202;10414740.43531468
59401001;18774015.31950265;16641566.830152787
59401002;9212534.501034696;5220079.359649819
60201001;48727370.0440476;38304401.22876905
60301001;2888961.7991392654;2041578.746874987
60501001;9487307.910274126;7633988.7507574195
60601001;2456108.4931230033;2418604.1342778485
60701001;60721303.678245604;31906156.44744803
60801001;53603903.41812174;45276323.17765205
60801002;68555486.62988235;38638978.735493265
60801003;14968357.361839373;11424243.460006898
60901001;83314834.3259582;42414575.62910674
61001001;23027954.50096704;16097412.423248943
61101001;61114087.51815963;32007811.195713222
61201001;3389362.761060392;2266584.2511747065
61201002;14144248.70566418;8979466.568437709
61201003;5859920.625320676;3237439.29757428
61201004;57814036.081616975;38455049.75529774
61301001;89529961.17202938;53268110.92769634
61401001;52060018.932939254;36412772.023006804
61501001;46434343.60674805;31406589.740984544
61601001;98286887.32025704;56735032.67246861
61601002;99489852.84272704;60962205.97904903
61601003;41042392.91412372;36908302.76296926
61601004;57300692.36359831;35813360.34136391
61601005;24023786.5666482;21149782.281954058
61601006;108208031.82242642;56994298.28280473
61601007;70105329.46393773;42773882.356905796
61601008;6182829.53757888;4647159.304546751
61601009;60081024.4994618;32112222.70125466
61601010;91948955.00399125;56434728.695607096
61701001;276372.4770137499;163754.33727580422
61901001;36233935.16712924;26414481.816508956
61901002;34815254.65568215;30144541.032560583
61901003;47644570.685705505;37185650.65139668
61901004;52811783.59850134;43299330.25326574
62001001;31371695.49858677;30192616.57305952
62201001;56372524.31567629;37603553.927446365
62301001;32923822.9339592;21358332.838541884
62301002;6064651.576519454;3340558.334875769
62401001;16714064.543167539;14015254.460238244
62501001;96428813.55150653;53573032.33513326
62601001;80600233.86930498;49949588.866915636
62601002;118861971.1630423;59698189.65508755
62701001;52444407.49767983;37923573.65118115
62701002;39586811.17643317;33434274.04307018
62701003;10665172.440066367;5608993.383287322
62701004;529312.0392482659;348118.96025292075
62701005;35663619.57797639;27389694.66333101
62701006;56975035.12956043;44403036.66239917
62701007;70005995.10504521;53982947.716042235
62701008;21996947.6343047;14158589.907202035
62701009;44489133.072494246;32019814.585414134
62801001;62115018.96231223;48706371.852291755
62901001;27430306.734345958;16984454.374134712
63001001;13756867.304218698;10997103.720417814
63201001;68210802.78151707;55790613.32336977
63201002;63472799.11266363;40736487.16040318
63201003;23867864.24165408;21518606.41293119
66101001;83638048.1730993;56523452.47192584
66201001;24485729.39064027;20468021.67507436
66301001;73504782.76806988;38704255.825196505
66401001;34639949.62484596;19033250.81202384
66501001;4758946.728075369;3074168.490653012
66601001;56646796.12619371;55085188.0753196
66701001;76311260.5116625;44485039.15671232
66701002;27724571.928518392;15724080.281462926
66701003;7234493.385708033;3944398.7490313197
66801001;67849670.53023864;39305343.29442601
66801002;116994408.72522283;59293037.26044587
66801003;66786959.29405585;38914105.35385019
66901001;55992541.91857664;43234124.951974325
67001001;95208282.81468073;64170787.12129244
67001002;56316973.53695196;48755401.805911064
67001003;31456625.170713454;31098003.526849117
67001004;71168987.65066609;40194113.974142306
67101001;75553368.1197973;52394791.25221117
68101001;22621373.15304553;14266179.030974533
68301001;27387266.17578842;21126443.036599305
68701001;120436654.85268655;64407606.871246636
69001001;20372455.523770425;15494257.208945155
69101001;37886788.34993863;19716363.89067132
69201001;51487524.58011093;42904068.11908318
69401001;5314413.97696444;3907957.249136297
69601001;69437603.86508666;38358454.75760956
70001001;69823046.18001252;35712103.47628431
70001002;80623112.10310921;46312679.83076467
70001003;48200419.499135144;37047153.29819468
70001004;45209141.10047231;42669557.796152815
70001005;4010063.122043114;2236591.764629259
70001006;20326819.43439872;10972413.878921486
70001007;93689585.73785123;62022944.50696142
70101001;19286303.234610107;11064203.009853797
70301001;75221768.54595444;42702750.871958606
70301002;98407225.68179238;67294430.18106656
70401001;94717963.89985368;68739093.02997337
70601001;19319878.821735512;11371521.680101575
70701001;45764504.269473396;35429454.06966944
70801001;31352576.564012375;21541872.28957676
70901001;37152536.54129545;35718863.195188254
71101001;56130402.44915491;37693168.116604984
71301001;29429319.938904084;15163878.520614905
71301002;82418292.95453295;47136267.6106075
71301003;29216110.69652485;26097945.37938237
71501001;98485184.76026177;52792148.68168845
71601001;116198183.00050433;63306030.24701087
71601002;20836393.430831548;17867330.875680834
71601003;94063502.59537928;56394432.576185964
71601004;24036194.82277294;23960698.236993894
71701001;86697211.3209976;43734013.569156565
71701002;100401967.4906148;65865995.37692318
71701003;41408405.62185579;21674701.145144492
71701004;85245362.54476419;45977042.91732891
71701005;81786815.0535365;47056071.419398
72301001;48510498.26187576;42901159.999783345
72301002;240547.04795344415;208218.47986876284
72301003;8969806.620406004;5372205.348710904
72401001;41543761.346731916;36701915.27724319
72601001;113276099.00969581;69476261.38957289
72601002;115705065.82419208;60016834.8273859
72601003;68951052.45031138;43304783.19270587
73101001;11683937.249638557;9829963.391846796
73101002;40746858.51918547;29878078.57401109
73201001;40826028.37907835;28336904.076369617
73301001;102933009.29812545;55156811.07937762
73301002;16459959.702366628;16095597.007362371
73301003;72607437.1666559;49206121.07384781
73301004;7030291.741832224;6538772.14707315
73401001;30701335.992973045;22348989.81453278
73501001;47352303.49166678;28641555.086023305
73601001;29981753.515558913;17795875.589089435
73701001;68452923.26290978;40046753.51768665
73801001;2928011.980081669;2148274.8522530296
73901001;94529.31850131792;70446.82344351597
73901002;27472923.112261154;13940506.031890517
73901003;52428684.018526;31458367.761484955
74001001;41216406.1360759;22979961.63415822
74101001;80151989.15152857;47026944.668762535
74201001;5354236.5881609395;4369263.614589793
74301001;47154139.18505379;45163126.656114474
74301002;130307546.4315013;69423696.39329562
74301003;94964367.63201259;56939207.5633873
74301004;2452326.7681254866;2140483.7731124237
74301005;26288753.2670585;23995022.180402804
74301006;27251149.49592627;22443949.204710323
74401001;73535987.90762867;47584483.8787206
74401002;103871459.18819982;64618063.99959872
74501001;44264139.732450135;43095326.794238046
74501002;68688110.95012316;46297718.42796187
74501003;804.0438761381314;766.2527478256964
74601001;70599046.77823865;46976465.94868328
74601002;23427467.59219443;18549735.335973624
74701001;23816674.136461046;18137025.855487704
74801001;81068109.13066447;40551129.73752157
74901001;94641774.40527703;60678113.87396877
74901002;69947618.7597064;37379491.60766943
74901003;121028069.47554909;63639255.36568625
74901004;10263468.796221029;7762967.372483886
75001001;72134091.71709584;69145975.55550857
75101001;30680736.06094923;23525984.756068006
75101002;83486641.22360897;52624547.42606441
75101003;129448234.06994644;65422165.23841179
75401001;91958149.02310772;74875556.81226788
75501001;61928781.308027305;47671225.941546366
75501002;53233633.33983429;35102460.31705308
75601001;29219413.564362317;18702585.68432263
75601002;53078382.24652392;32319129.513123244
76101001;88726127.70902584;57612696.885883
76201001;25956834.89948429;19488878.740603097
76201002;15021242.646004183;8043853.785928198
76301001;23637701.076934624;20117512.567016684
76301002;933407.0762487308;684334.0306319741
76601001;37811132.1181148;24807817.83792921
76701001;66975299.86712633;56489619.34702866
76801001;30300587.747402165;20611515.080304157
76801002;118484327.91137753;63283664.056620575
76801003;30196438.311133377;18013896.74410392
76801004;39824653.306607366;25281932.3856696
76801005;87512690.32126679;51551317.476139404
76801006;43380366.39332262;39131873.232446514
76801007;50407394.0636068;33384311.94996041
76801008;36364143.23682361;32830917.828053363
76801009;55180594.742957465;40929262.941371
76901001;62844521.71264476;59958355.561735846
76901002;841731.7961962932;442443.07241192117
77001001;12819213.516080398;10216992.651897501
77001002;108385349.63189885;71984402.57994659
77001003;23812998.918668598;16226861.519177074
78201001;25580465.637668476;24909781.714021124
78301001;108963251.39546078;67787858.8246392
78401001;40064574.19021748;26629572.54129011
78401002;44945765.34228504;22846472.09238573
78501001;46906807.84128857;29052852.145835686
78501002;10185572.028620461;6597001.7301281085
78501003;93657245.56300408;77079411.11751074
78501004;82319249.35114923;54137939.41158735
78501005;5570872.389611129;2987852.2028078893
78601001;35048800.15251804;21179163.4919141
79101001;50166547.565483324;30923993.214494195
79201001;20886230.83753972;16040755.449218651
79201002;47742740.57558764;41719454.42470683
79201003;37086614.250077;31020664.1119746
79301001;8331957.393324643;6046479.590690178
79401001;30899967.526290968;20870831.288760167
79401002;10414022.258986233;9083336.520805184
79401003;80410224.75807716;70757967.20738982
84101001;85865440.30860263;52306959.499928094
84201001;3459421.307427616;1970820.577006657
84301001;11357955.157830559;9440417.47031522
84301002;83500168.81581213;60688565.30121863
84301003;55806862.17708179;38559701.16439108
84301004;71955441.91455868;64343817.346608445
84301005;14147253.895343216;8432350.65682546
84301006;11723511.185254434;5965376.566161589
84301007;66910443.01721425;49291100.42539038
84301008;4063586.3419173583;3528106.5867894087
85201001;40747058.3705476;36610496.565383755
85201002;72939261.17291416;52481295.29441593
85301001;7679823.645870745;5585859.25853369
85501001;27888895.038736172;19975869.300956715
85501002;28205066.475827917;18923057.274177067
85501003;43801834.748065636;22653745.33131505
85501004;133877315.65576144;70786171.28603518
85501005;6736376.120603836;4795531.153106843
85501006;90671227.75639912;55844794.98002518
85501007;17916003.555616613;13634028.48917275
86101001;102101207.01466852;80320428.13807091
86101002;94685619.35813007;71005450.35718507
86101003;16196592.635878345;10947523.430033466
86101004;70288161.64406854;50837729.12983842
86101005;22228349.580345254;18408998.458525117
86101006;47938062.08289369;38008375.08226321
86101007;57709771.23312652;30442999.82800411
86101008;23323376.25701311;22672489.686752334
86101009;37455449.60872494;18857390.397532586
86101010;102668520.48078492;53837169.80686364
86104011;2858731.024566565;1635968.1187923949
86301001;112027135.69237828;67727103.27965881
86501001;51812677.20443873;32336920.541317895
86601001;44977618.49114156;28970722.45842779
86701001;56471970.91812954;36868720.024494894
86801001;39865963.276524305;39485695.361346625
86901001;97782041.95044336;82180557.34937204
87001001;97852238.00407934;49264232.40106553
87001002;66088249.84173861;51392069.86198498
87001003;11985237.271792948;7565431.477344538
87201001;76732431.04154989;60099484.44902261
87301001;23523085.692382287;18638784.404462207
87401001;63034312.372730814;38437612.858053565
87501001;59607902.600225106;37786934.33985141
87601001;91056101.26487538;56726279.292236865
87701001;67875182.05177039;36284890.95863636
87801001;29761110.51216206;19177274.877456367
87901001;66391939.34352713;55509970.57875894
87901002;48646818.612818606;31544724.823910527
87901003;98971495.45554344;82810183.97224128
88001001;55800229.43780086;36968753.26758433
88001002;26978180.250582207;24456086.87928181
88101001;90313926.19420259;68950603.94699153
88301001;60960524.02319711;44533338.180767715
88301002;29102805.74417142;14834463.974313946
88401001;79410300.73142855;45902949.017843425
88401002;51422561.498669885;35298304.383739755
88501001;144488384.71436408;84915432.99050416
88501002;97704697.89160351;86004943.91948324
88601001;142776773.52606857;76609338.51398578
88601002;51633529.52559397;29108156.458414834
88601003;99320402.14039652;78546732.11909568
88801001;32733444.102264736;19488934.311895393
88801002;89551332.9594666;83058138.45307952
90101001;77813446.41303246;76546127.66396128
90101002;161754741.14185634;81740911.53096853
90101003;97309745.4069207;59798719.495933644
90201001;111024039.62314901;82427732.16503637
90201002;20910901.33861531;16922466.985610235
90201003;148401076.5043111;82726073.65151925
90201004;23595821.601298053;12867890.54040534
90201005;79882390.75264606;75199838.26757975
90201006;147383094.25421274;75018199.2931975
90201007;8151934.219021968;5739755.465327745
90201008;156720235.8763104;89717255.59235345
90301001;95547300.95992067;65481057.21039417
90301002;45761550.670576006;40899944.09665822
90401001;116349197.84727107;86587033.96567492
90501001;86494309.24840751;71135432.36500902
90501002;7997192.000319778;6633681.500361839
90601001;6814529.940340249;4334284.381424229
90701001;71405801.81550671;69736879.27094187
90701002;55698307.34582133;55656388.300539054
90801001;57857600.009473346;38513551.36537897
90901001;70200846.27609414;35952173.211079426
92101001;6126352.402549263;4825584.088611865
92201001;81794283.0768941;73214493.80641523
92301001;58156531.01122072;46470053.75309248
92401001;45844244.267142884;44800653.24623057
92501001;874327.672199285;604263.7091704628
92701001;89336881.07757127;77055620.68437633
92801001;45590534.532644145;22884758.739831984
92801002;86784463.89777921;79578351.82902712
92801003;167750685.9710691;87298088.08963828
92801004;64217400.484121904;41614398.78899368
92801005;2820162.8703363873;1988396.5153492205
92901001;144579202.1358745;76817183.3830055
92901002;53211856.110808805;41504416.80424039
92901003;87319298.82045852;78083920.19910994
92901004;53468082.35810422;39168899.120263495
93101001;162321764.00336942;85827359.26913509
93201001;58403660.31107536;38191432.982476585
93401001;49398379.29053197;28294785.21672986
93401002;33927135.62755698;22835496.511709653
93501001;99993155.77203402;82945559.494285
93601001;82922381.1928122;73199534.3825126
93701001;17308986.035795204;14978510.799070733
93801001;11581584.294293528;9150027.940577054
93801002;93079300.2726266;55631168.01451907
93801003;67431799.02560547;49357818.83886901
93801004;977511.5070641333;557771.8029714349
93901001;100508581.1194475;56252178.43619307
93901002;8580092.443577724;4438305.106975306
93901003;112777463.27408242;63659940.50564043
93901004;124969141.14684336;83122039.3072484
93901005;4602173.66296679;2773173.970519318
93901006;62398597.519669905;44680361.8117817
93901007;35005872.72095991;33595423.36179756
93901008;148877131.4062814;87800367.8822915
93901009;112905658.70741387;92626222.8072041
93901010;42278705.98166706;28198440.86926289
94001001;86573732.11041616;67093803.23958474
94101001;57551591.31141387;29256141.006207146
94101002;82087865.52936178;50622929.70008154
94201001;18358899.27214709;9597153.752961338
94201002;62029363.10637767;44244160.437475845
94201003;51690930.2008585;47435378.964526616
94201004;5844928.666652197;3280278.83044512
94201005;73796165.444595;60255648.49330944
94201006;1497520.308905839;918660.6590548734
94201007;11698062.82514822;8446176.439480724
94201008;67743359.82036707;48707688.60019441
94201009;86122359.14890261;49935189.73000549
94201010;7567288.419271997;3909761.024684512
94201011;59193756.76593575;46534812.727687575
94201012;72824961.28183591;52860921.87129025
94201013;105778758.06798439;73527234.37814777
94201014;21942268.67683576;11577718.834385782
94201015;115904024.29917486;91013001.42835626
94201016;147907004.19385204;77715136.11021602
94201017;124364367.28251082;78535140.63609053
94201018;9345269.460622398;6579932.908890722
94201019;128347542.26191549;80502514.94135031
94201020;52572442.16973367;45596624.73968299
94201021;119864705.65876393;67924631.72516777
94201022;76372143.67593507;44165677.12266401
94201023;68155028.28961198;63956837.804006815
94201024;13269867.06400839;9925685.098203247
94201025;16727299.639372768;9535491.335886458
94201026;46762427.748889975;29812710.3644404
94201027;133994075.33093104;91303296.0063368
94201028;26560116.73380101;14343868.465067944
94301001;15654507.514551114;8177487.703250149
94401001;104416251.8043827;69521032.12756884
94401002;2904335.93224367;2063584.0859033593
94401003;67046342.52956015;62970438.271692805
94401004;133481.64523755581;106454.948615016
94401005;137799986.62896743;89116922.92422214
94501001;129174164.6098191;74055845.78316635
94601001;2411722.1742406283;2148151.065106434
94701001;1324296.8391342212;1049179.564218246
94801001;2666069.138591038;2377758.801106364
94801002;87389420.87831806;72141633.49883893
95101001;94751334.82088263;58945124.793601416
95201001;12029690.037494035;6275879.933987152
95301001;135901032.96257168;75002142.6668484
95401001;69174623.10113914;36679718.82146954
95401002;44670232.20047304;24504379.621096358
95401003;86209666.0672353;60782146.862360805
95401004;3989868.4799677003;2309465.653421426
95501001;34078642.345187314;17445012.995409127
95501002;47251365.79879263;43132043.68341019
95501003;128252314.83437976;75666538.06353408
95601001;49781803.40165806;44960728.293134354
95601002;35139988.72254285;19792204.388346888
95601003;59950878.17911039;34637894.85985648
95701001;34448401.803022355;17748832.73641822
95701002;67787736.37237741;35200543.00885541
95701003;99443236.08730076;74357756.1444936
95701004;41418900.585535794;23062312.12863073
95701005;162883199.58150017;81923718.58257642
95701006;125008288.32000887;63638610.780591786
95801001;105340554.98506011;63784001.16187429
95901001;23109261.38231183;12892489.71926204
96001001;113314392.68433772;80092648.81486201
97101001;103250739.45855168;92359944.00533046
97201001;129279585.5301913;81153278.80354613
97301001;71344487.19887061;41070470.42205596
97301002;105914969.36854969;55200037.46757772
97501001;131191954.77710791;76640957.81542389
97601001;124758652.52606672;65243161.090421975
97701001;130512373.89506137;91704594.26981938
97701002;143855008.85807657;91174683.635374
97701003;137915477.21713778;95543434.80563359
97801001;106181471.5727324;61823947.982886486
97901001;43805098.00460023;34877487.1653013
97901002;8379059.1010352;6596273.594695283
97901003;122260502.01504079;97017543.96643619
97901004;81599925.37809496;69582911.97613867
97901005;132239872.94422801;69676802.95464768
97901006;41962794.529504016;27754468.112681944
98001001;33796276.27364298;33352564.827946138
98101001;102501687.7811829;69242558.39242242
98101002;33461786.535595644;18461402.515086524
98101003;45619204.5505126;38397922.44080389
98101004;53304970.65936866;49625258.91822955
98201001;40338706.26202768;20287327.910192017
98301001;45527066.73853251;26515597.462506942
98301002;110284914.30168685;57576755.478772745
98501001;97434244.03600436;86511395.13845913
98701001;34295907.4936218;18663292.420756534
98801001;121148329.95502517;87624282.22917175
98901001;100701363.6118631;82172632.30480093
99001001;87881881.35750291;46331932.008806914
99101001;71807527.51506364;61375724.73678061
99201001;96421662.02648814;92793994.55217275
99201002;121024966.98777159;87111588.23747776
99301001;60839336.699496254;35326059.52251151
99501001;42342516.966767415;39995057.69211833
99501002;97679121.8713977;71543937.57424958
99601001;147679936.75912794;82496305.76974101
100101001;174660931.88292933;92337462.59376858
100201001;13116485.487200249;9004562.568787811
100201002;66242418.51942163;45131022.4687055
100201003;33818260.043676294;18586158.212163493
100401001;64313081.26244286;56434647.839529045
100401002;86255142.34526153;78459240.51273687
100501001;159156507.00721905;94690372.10299747
100701001;115459201.88788661;77317232.51494896
100801001;66927721.91296149;38083008.12157817
100801002;20605360.5426235;12628642.618960949
100801003;56618909.7831147;45268150.78257028
100801004;97321649.07175955;79083113.86944756
100901001;22955932.12171096;18664052.2398487
100901002;123790168.65651248;76528180.5040893
101001001;14784341.319416985;10825110.023037333
101001002;117024450.19325493;83577547.09150514
101001003;86328514.19896609;76010800.33813971
101001004;29373932.017929725;18350031.49056739
102101001;5455584.45503798;3642729.114779782
102201001;60293382.25418414;53888179.699202955
102301001;146483993.40283388;80174919.67578906
102301002;27567581.461625922;19443459.599281497
102401001;28355656.759512946;21210800.833642352
102401002;134029584.81327602;78016212.68406495
102401003;77460123.91633311;68119512.51392922
102401004;91858551.09112868;61676575.59503879
102401005;120525826.17952918;69001418.31576009
102401006;23066227.08627296;15115521.671498887
102401007;146837928.19458836;101212378.00564547
102401008;47075757.06310574;46688504.556959346
102401009;132424379.5645595;80470656.69436604
102401010;103251214.75610681;88128575.33392046
102401011;9767232.852538979;6457183.599301054
102401012;45086949.115986995;22841431.106439725
102401013;147970717.40123534;87627433.09955564
102401014;130606306.41286923;90111262.79233095
102401015;30931113.064933687;26729786.07471156
102401016;9770147.383297129;7902931.8312421115
102401017;80723485.64062756;46838087.76300462
102401018;133218435.6165788;96074501.77011818
102401019;132607665.82102452;89221446.30974899
102401020;71860015.9938864;45098349.36672729
102401021;151968988.3546233;85446791.60530159
102402022;23276063.016202044;21653487.323305916
102501001;104378980.72887759;57237464.05568158
102601001;14468588.625956843;10258466.32540499
102601002;48630830.81582815;38529662.46397941
102601003;7889409.326997246;4949380.88406077
103001001;126029222.91316538;88273739.54931527
103001002;144234183.2838298;77853322.28504199
103001003;35492538.64359031;30569253.028869476
103001004;53362576.25200827;35347318.25370128
103001005;16042435.301146304;13158534.873385776
103001006;36720622.96484281;32686134.95221359
103001007;4165558.9002585057;2109794.4241264174
103001008;139296417.30289575;88593804.41389231
103101001;83235500.97105631;54988227.216683984
103101002;58042279.12389005;38052767.34831134
103101003;9040360.583314525;4942222.865374331
103101004;134788014.97914165;100012975.52357876
103101005;73298198.51058961;70269010.67803216
103101006;54267838.80523903;39953126.67025503
103101007;31855187.254738197;20722618.3888916
103101008;120252315.83958885;68908808.49108842
103201001;49824820.33148634;28192857.221102174
103201002;187710944.3400192;98727239.19282976
103201003;91644843.81968835;46213974.63349902
103301001;92499911.52043997;78091771.38781372
103301002;99646858.44555722;56029597.45735189
103701001;48518191.77663922;27230714.449844014
103701002;94943070.77312009;54626566.70828081
103901001;67627178.86358844;56373486.71522986
103901002;65928512.57894824;61839413.57387569
104001001;47002054.2371771;37091197.96153676
104001002;135566779.0301312;97246135.97449823
104001003;9269048.587558163;6951472.0293227825
104001004;38926055.24582824;22048330.118330926
104001005;123411420.27599494;85552830.43963903
104001006;116842303.8540338;91509005.02688165
104101001;103166551.00356016;66542447.46125433
105101001;104923453.36198546;69286535.77134973
105101002;164817216.4293554;98866727.52356043
105101003;22283335.546473585;13933370.790332424
105101004;29019011.754495878;23475639.670327045
105101005;42562847.7543037;41187873.64616138
105201001;7820114.837446535;6238778.974733655
105201002;6820738.736346;4704290.086950185
105201003;154086081.41872266;95287424.65554297
105201004;114529031.58405353;72110810.62689883
105201005;16458477.774881633;12677075.548861584
105301001;4327916.510083454;3113489.8786402014
105301002;102061405.7939011;65093204.4999232
105401001;73712386.95232786;64014829.21570354
105401002;135831633.8370064;74348870.27844095
105401003;131175938.18359998;87073546.8747391
105401004;114266879.56739531;88322966.0020232
105401005;34208757.77288216;30835513.652044494
105401006;26461497.330622222;24356449.612143967
105401007;114216544.51890759;73839198.25419934
105401008;127356789.8816112;105147242.79796298
105401009;7772284.715319605;4303758.397895753
105501001;4788971.5185659565;3162675.92590436
105601001;79246534.03993395;54851829.38914091
105701001;12700024.823057262;6828013.303057432
105801001;67797682.94057769;52955018.07962404
105801002;132319386.08268604;101543115.99145508
105801003;79683058.28785712;52592880.41802136
105801004;1750487.4919126288;1126288.29492478
105801005;24703435.984557286;15121493.301125295
105801006;141193765.03371865;78064174.47955576
105801007;14131074.162292518;8227140.479855184
105801008;109234896.5770963;66835333.06758582
105801009;49673104.680817544;30296514.904813662
105801010;43215699.505982555;23529082.204408344
105801011;16994485.499422003;9401634.424302971
105901001;76697399.92891131;56081913.27055551
105901002;141073941.0857574;84730524.43474388
105901003;63628464.71481788;35362311.47422294
105901004;61477676.40357956;32752828.019089676
105901005;196301149.61181453;102401249.72906281
105901006;7787150.667642277;6537728.670050843
105901007;73089520.55386999;42000808.919060394
105901008;78535626.82772936;71894240.7733597
105901009;36969112.84874411;27158499.252311297
105901010;124303017.71544749;75407685.1729318
105901011;67895308.10099784;48894548.8764315
105901012;123595339.29855743;72528244.91552056
105901013;131308249.8026979;81582277.2719779
105901014;151083505.7257169;89712585.45295589
105901015;63056438.95580469;49335139.60385064
105901016;76013469.09510885;44436614.965558305
105901017;73865253.20666592;41452152.53126655
105901018;49677633.53642512;34350507.53965786
105901019;80850758.42070335;46116596.248758435
105901020;68611046.04080664;50406577.11944773
105901021;111661916.71310857;90647551.37608603
105901022;59799486.053293824;38290689.4405612
105901023;38870361.19797478;37365479.34767224
105902024;48138801.969319925;47099534.635981195
106101001;66411271.047508456;34102622.85120567
106101002;112289577.01827948;100611888.95534906
106101003;89726087.48261291;79915907.05500482
106101004;75825588.24094446;45083399.63552903
106101005;15949951.058488503;13319465.63261789
106101006;125336149.57479349;97399553.30838268
106101007;30113811.09477307;22766311.082792968
106101008;10483806.768000172;9769969.82685109
106101009;34947608.7523815;34191418.45491823
106101010;91329317.49284473;55709911.54246866
106101011;101957317.43488927;84273983.3785535
106101012;141658987.42598587;71016658.72272398
106101013;55541315.78805333;33609064.9260776
106101014;101576476.6057927;68243126.95363316
106101015;116116807.21322685;69616767.5623181
106101016;102101482.91679554;90222853.61398716
106101017;89073506.6810975;79518783.68108465
106101018;101488479.3158669;52921179.319985494
106101019;192533766.1261032;100129170.76231422
106101020;82767086.42954008;63055671.44828329
106101021;84739038.56925459;49812332.32972298
106101022;172292034.95048538;97153470.54564196
106101023;27111644.070236675;15851255.619524034
106101024;46495453.45413168;25461349.414797932
106101025;8523504.531691112;5384083.6415519295
106101026;82884753.64216843;59719513.7419833
106101027;105901851.12856431;63422636.0533275
106101028;153860984.59154424;100596239.9045504
106101029;19437809.538435977;13091981.715332067
106101030;32492964.813318934;30778714.60458743
106101031;17745764.38718386;16800439.63256979
106101032;65494847.38514092;64883839.631132916
106101033;97044862.80319904;94038378.32269655
106101034;35954111.61550205;32683494.7730992
106101035;52264325.17614282;51310102.65104771
106101036;135551347.88155916;86948194.28160077
106101037;22620699.895275913;12561077.577538041
106101038;19567680.847225066;10731834.315450134
106101039;175452983.06985924;93758128.49900654
106101040;65534180.98018372;43006701.09439919
106101041;179094088.7401531;104070821.42044827
106101042;87196044.41820294;47844106.1445329
106101043;26910675.56809693;16257008.48159796
106101044;61739984.43690218;33641396.05009438
106101045;24917270.014829665;14932318.134188276
106101046;135025458.02978337;95578223.6364598
106101047;42035121.466806196;28521688.187014557
106101048;85814040.40620287;45972820.3058781
106101049;52738161.81721748;28846843.271406323
106101050;37458083.38655473;19239687.46979339
106101051;120071810.83693932;72094082.68599235
106101052;38586142.694203354;31347787.696087617
106101053;20432905.351060644;14054038.797211343
106101054;81208445.41818227;41451706.75491808
106101055;69017189.94851576;63894851.10560323
106101056;105273340.28633724;98038777.1144008
106101057;66738822.21233115;42093281.21647155
106101058;95974031.68933012;69664616.49238214
106101059;134988394.22141242;77280443.88243371
106101060;23889750.76703016;21603010.1179456
106101061;46235456.92237894;32766619.77004309
106103062;33645725.916453265;18671899.810366113
106103063;23767412.51530195;20660680.715444896
106201001;27698798.968977623;17652472.393688247
106201002;60938805.338219784;46678146.66786613
106201003;39721991.792244084;26489782.18701943
106201004;66957036.51772105;58480456.524417594
106201005;23632656.599487204;20116961.78020465
106201006;79767632.0919201;46516709.52104054
106201007;37169837.58086878;33148564.682229046
106301001;126754739.14623173;68004806.24713163
106301002;79013969.7343129;75293890.50172226
106301003;156732478.84544975;91848107.42691933
106301004;168277751.62555796;98357968.33563301
106401001;77320668.24475464;72495293.75577745
106501001;129016506.1674746;102539700.40410529
106501002;131768824.7712981;71205643.13948677
106501003;110481950.38252957;60652326.38123982
106501004;40330265.88790336;25122686.898110215
106501005;11387837.055749096;8704615.144637274
106501006;31292038.838892806;21709401.41525485
106601001;23395927.052593574;16270468.5131981
106701001;9850357.895166688;8037272.805235898
106701002;97649214.72801863;62764342.506634764
106801001;154916645.14215526;105001386.51228428
106901001;84645427.77589276;65811380.180337146
106901002;4826938.576780935;3798180.2668171856
106901003;86572614.3397947;54584908.739437245
106901004;66349179.47608573;53414925.316576235
108101001;123584733.99281518;69817817.13322867
108101002;155312052.43018156;80148573.99584122
108101003;30951594.32579972;29311294.334152587
108101004;84008075.07021794;52615453.355543606
108101005;175281794.4833483;88628317.59171326
108101006;126138862.98350759;97571578.13117154
108201001;161638956.02934867;97865555.18050352
108201002;65604561.42785187;50396964.63276014
108301001;97864124.88641602;50900828.53297341
108301002;9317277.060484534;6093233.681872924
108301003;97702281.54201025;69553510.85233773
108401001;98528954.10607712;75631885.86873698
108501001;70847770.07470194;60907031.14412579
108501002;108273825.91472091;77142414.00974058
108601001;89584975.20101964;54059845.90905006
108601002;68075741.82353294;67594458.25772405
108601003;124607534.9614195;64731783.00843082
108801001;114912838.49680239;82153972.36592437
108801002;98198008.91327435;51758842.58413632
108901001;1016430.707187215;806013.3383565787
108901002;121453956.78578243;76257037.64944547
109101001;139376177.46311292;96059400.65807043
109301001;37883493.99727271;22860786.98506382
109301002;35155109.782902546;27381605.774802104
109301003;193215546.5616993;106871339.7112815
109301004;134758780.53157386;88865116.11476213
109401001;135809725.53058344;82164817.28469405
109401002;72564587.45154622;60366625.441649064
109401003;138643588.53793165;76367818.70992075
109501001;73822080.14167802;48633386.768722706
109501002;55853151.787857264;39816860.9294442
109501003;29411939.612123832;26768641.34300659
109701001;55182640.03652015;37973001.93044365
109701002;110094916.3045366;100657735.6168536
109701003;66040019.60327339;41487331.43050251
109801001;10959256.149117598;10904242.660296364
109801002;20929434.436259594;12906271.374472793
109801003;70377756.0640052;57532090.00164132
109801004;138877115.18005738;106422636.08444914
109801005;173277545.84819558;88662798.21997383
109901001;111869303.67508131;97299784.98164201
109901002;91786914.8383251;74029986.81093892
110001001;126328813.38242981;109852180.04795766
110201001;148577679.2855229;88623396.63979776
110201002;12483151.091789197;7609209.29521609
110201003;88768874.56596737;44833057.24628174
110301001;144069938.0331306;104025495.55746348
110301002;32929011.028288804;30496460.558621004
110301003;120387298.57211545;86127429.04643784
110301004;54168138.470358476;42840835.731214635
110301005;5759837.780944311;4044259.082860974
110301006;97010155.85330853;50726622.72023751
110301007;65068220.44802549;35265227.96917354
110301008;184795617.34000558;92409715.8587509
110301009;34744960.00741414;18961291.81260898
110301010;188887324.24365664;104243597.76300474
110301011;105401710.22147052;103287957.65299821
110401001;69968841.42951584;43282748.03295415
110401002;87273344.54740469;58631135.501993805
110401003;1184230.2360415831;800903.4761085915
110401004;166574835.35092673;93939052.55698243
110401005;156559904.72919714;103342071.44957471
110401006;115828119.67398025;101084489.61199363
110701001;42585488.22062951;31633516.518679097
110701002;63834215.75532253;58638878.92327242
110701003;107744568.15595569;81550879.03724393
110701004;88821634.02551915;61504506.66813894
112101001;110117851.8080189;105504308.16427237
112201001;83370092.63222727;62358970.845712386
112301001;207479005.24715158;107381444.46755393
112301002;66167341.951683834;50075233.88763003
112501001;55558523.843164966;38578514.30963072
112501002;121877368.30530639;98778578.60077998
112501003;124353341.3542356;74445663.99661963
112501004;7797514.5047731735;7251562.836316464
112501005;39116253.43458862;20132823.11271892
112601001;3427848.1867432166;2295169.568522325
112701001;117397772.23914234;82858155.37101538
112801001;9540809.118712798;6682255.874578777
112801002;125050139.26253103;103730273.26502201
112801003;40311131.77961924;33156517.185581613
112901001;161017515.38307896;84660255.00280029
113001001;109895751.12328333;64143133.865175255
113101001;102332166.07982215;72055438.53927943
113201001;167797237.6119391;112226909.87902878
113201002;202992924.54433554;108743678.33112422
113501001;179850867.480846;103772024.83381298
113601001;48783376.22647464;33267401.106026642
113601002;6992834.814518551;6756760.937730202
113601003;6076571.945060233;5980044.100160016
113701001;41423622.503968686;21761359.703162204
113701002;175896445.4545041;104178128.77170809
113901001;70826126.77215782;64880298.462167315
113901002;158168930.11222377;92550289.95259966
114001001;46458642.66921359;28710350.221276775
114001002;182871528.66433716;95217204.33205268
114001003;38940771.83183508;37046227.42102446
114001004;169000438.1392953;95379470.72096023
114001005;45560424.45045393;23221153.026465114
114001006;160220863.55682385;87510532.65734367
114201001;61994316.46945428;40704145.28622871
114301001;201906316.5039304;108529018.26674409
114301002;128451387.7941476;95316359.75080077
114301003;32752785.272609312;26404307.30876165
114301004;123339976.52297288;103346857.6910788
114501001;76045531.67069694;63435555.490759306
114601001;96893704.34888445;59141057.16677957
114701001;143756843.46562612;83070584.17132346
115001001;65448091.75780222;53085317.99135031
115001002;3585821.9361221744;3039929.1251657144
115101001;81321208.54177636;52203644.25182388
115101002;187871302.85286415;102279143.63804905
115101003;139086884.57109842;96030468.79648866
115101004;205920571.4434991;111890024.82173316
115101005;91514225.7724647;54757223.39410506
115101006;10553121.91773526;6214041.976891982
120101001;56120348.80766217;32657946.30506776
120101002;126622487.03784043;99268974.89466499
120101003;43086576.66182202;25674820.19907455
120101004;97295762.96710959;52069433.75283963
120101005;146749532.8024452;100849610.71539395
120101006;51695370.74836215;36366569.08649801
120101007;10271337.961947767;6776183.201075782
120101008;113520968.32387102;78578191.06787267
120101009;13030144.429193404;7903991.951450585
120201001;118057339.39685796;85939174.71567069
120301001;59646193.913776174;42568304.42818985
120401001;4036186.628464151;2241809.825433812
120501001;153764173.57874015;90475592.59854665
120501002;19667436.94398139;12016449.200610917
120501003;38297798.489539646;24909830.159129653
120601001;125743413.8545447;73810825.63875659
120601002;99591471.05643022;52543276.79905
120601003;56873520.0406365;46907509.24004036
120701001;188246958.06739613;101955263.92444849
120701002;26447708.058588922;15530912.78571592
120801001;90184199.92656824;80327543.05012563
120901001;54712383.54380103;46910071.74632866
121001001;44059579.1449167;26129748.23082019
121101001;79599891.67176053;40045872.46607763
121201001;63469310.64091586;55089633.16822936
121301001;225155776.96441796;119686363.50489877
121301002;69875620.71311083;49051562.161015466
121301003;34398634.08855589;30434864.938917924
121301004;23229567.333705787;13887425.760967655
121301005;98052927.56657739;55911842.18716396
121401001;30815535.90752422;29212476.66802895
121501001;193109248.85459447;109068210.6986014
121601001;136302491.59705332;118041864.74000765
121601002;89832892.22205812;59449997.635111354
121701001;129787868.131909;69220025.65327027
121801001;113125800.79419288;64007179.789211065
121901001;81666156.94671628;56841044.58196282
122001001;77637435.03873976;46802026.79152176
130101001;211802556.92805856;106133100.29826401
130101002;94763765.17060196;49546554.862700716
130101003;113652110.45184825;65303026.457763694
130101004;62462461.423203915;55548396.176617704
130101005;21925714.062916826;21684161.612566583
130101006;164704306.83823013;111186941.2416524
130101007;59969296.735901475;36131460.53826583
130101008;157073401.98863634;83714974.98937605
130101009;46056422.56238118;39399607.03381803
130101010;17770702.254814412;16915322.718156826
130101011;82032954.88995548;51884601.51543954
131101001;79735804.25046273;72475982.79268374
131101002;111766265.19869259;56989880.77693916
132101001;184701841.53662544;131058860.79699394
132101002;113412222.13580339;72308246.96949726
132101003;116571044.3657029;115132794.72352487
132101004;74597284.61751619;40165231.18097816
132101005;1357662.4304038556;857210.5557433506
132201001;88449007.70755495;65228851.85842805
132201002;36875496.95479396;20120144.712974355
132201003;89909770.50558221;80315616.9984239
132201004;31633753.22961357;17553267.41869181
132201005;203212613.8369766;110830095.51029329
132201006;138038397.31707382;106599850.95726292
132201007;65277940.2042095;46121507.94328202
132201008;49058316.65110594;31587754.360344198
132201009;83297185.93741073;48240551.66688669
132201010;206237231.72549197;113267169.20527048
132201011;178722016.73880687;99757784.08657776
132201012;28890157.611042842;25600169.0000174
132201013;130316675.82062156;111232727.1987661
132201014;59047255.750322334;38483299.00475748
132201015;53569365.35316692;33692799.154449575
132203016;150856640.47482142;93814334.59932011
132301001;88660438.25278814;84927305.64174432
132301002;91220375.79247603;71020878.31865315
132301003;173091041.68465206;96565470.66776529
132301004;148288502.0592872;127599246.07802822
132301005;106661228.4641865;65358245.78048357
132301006;187798501.96838385;111681838.75731099
133101001;26165921.080801707;18436396.874142047
133101002;83264332.12925696;42790426.46286445
133101003;8075060.979422749;4489351.227495795
133101004;55938840.195771575;52882528.910351045
133101005;219832232.03905275;126627516.9596041
133101006;30032900.655311637;21358393.366760552
133101007;159824862.3449244;107124651.47530766
133101008;165553010.084152;110797764.15349251
133101009;98176336.37684144;64350566.7396436
133101010;92659788.35643032;72475512.88242166
133101011;129604081.62378395;100174562.46645382
133101012;143735034.47445124;107322358.06570806
134101001;29601066.191046324;23437123.24805984
134101002;203187379.66091022;103125034.25358203
134101003;232710712.3551431;125084513.18171653
134101004;107152452.01566736;93661561.26450416
134101005;213972023.81677067;120283489.95239614
134201001;261347910.30745113;130719749.97046176
134201002;83983729.31368849;57016455.50614571
134201003;77109290.64845704;69830762.67893526
134201004;39826862.0786583;31952001.913129807
134301001;156204659.06488758;120890946.2013264
134401001;219934241.58248973;125510072.45981605
134401002;158514811.4598872;129852500.68376172
134401003;149496179.6355912;75796367.12065922
134401004;131062281.61373292;68382499.78752466
134401005;132129509.70313945;68875842.85398796
134401006;128998409.65199989;86909219.26559304
134401007;232584260.40142256;132915906.60973178
134401008;145860297.38847575;112276451.98256955
134501001;193291072.36308345;114566288.18876116
134501002;57758454.66604245;49419354.37961152
134501003;42189888.77770998;33241637.489682805
134601001;91501615.23937792;60779109.15045493
134601002;92841565.14751707;76318992.4562391
134601003;194772119.11403328;108943393.20435992
134601004;28249813.021362897;25606464.033788215
134601005;130194060.86908832;73545230.37560487
134601006;150627904.22053194;122016964.31251018
134601007;26661791.278049946;16155791.141268887
134601008;77543708.8754669;47089878.08053303
134701001;56184697.44368573;28252187.867825348
134701002;55033044.253781796;35256203.37744305
134701003;191798100.3708776;97499173.18905221
134801001;13482289.85863997;6802204.737264483
134901001;59371245.03341313;46726269.71715455
134901002;196695227.11525598;109042170.37058969
134901003;184037646.21598867;93942790.01447898
134901004;84698296.99489838;50709837.076954156
136101001;66958594.906439066;49593769.33487268
136201001;115957723.85647635;100643385.49079594
136201002;36077631.287752554;25274720.104582004
136201003;152727812.53246945;103037165.46947847
136201004;123791347.41847895;81593663.37058064
136201005;54854868.71170991;27929318.96669297
136201006;97431986.78817396;64397197.0057458
136201007;134447140.99259514;112709647.23773761
136201008;94905110.338601;52689217.250644356
136201009;10786141.592387717;6628965.482233661
136201010;160562543.28567845;87530150.47069499
136203011;26390936.857349597;19525352.86168658
136301001;98903367.8570407;80645121.88817324
136401001;194416955.7397848;98646852.97910249
136401002;78529002.52133162;58349702.94869033
136401003;140601433.36457762;81869706.80914766
136401004;50509757.01541308;44984902.06881295
136401005;121973108.09448457;75995280.50469175
136401006;100779603.41242212;78158793.14521359
136401007;112432699.23066168;56847626.63437429
136501001;220722642.4526721;117285087.14719285
136601001;32082178.196025383;26621135.655904226
136701001;106111227.85342886;66086550.16061107
136701002;145554282.41425052;80575835.81631595
136701003;15685221.754930945;8085408.494350602
136801001;69967202.49875306;41038758.87831289
136901001;236109134.68477246;136655135.3783536
137001001;121717341.92536;118113111.26636271
137001002;68076414.6708843;64212449.48002704
137101001;153116161.48029342;91737556.84112144
137201001;59677450.82381829;30231410.116555266
137201002;9110640.028410181;8696638.53943935
137201003;112320726.78202868;66013138.39048247
137201004;4792686.7535616355;2572412.4225241765
137201005;179946324.09527642;91957357.96071893
137201006;73576460.67665403;45912415.75358149
137201007;148778956.09267014;130158019.52804978
137201008;167604588.2562146;95688143.32657258
137201009;46385688.40661826;24330933.28686158
137201010;30224303.434617463;20764856.895204484
137201011;187901456.37707323;133759316.34594232
137201012;152014224.29144913;80712945.94622226
137201013;54551419.95654467;28308974.53492753
137201014;147572065.64282688;83208511.36472778
137201015;88596777.19942299;82943254.25589433
137202016;257638176.64785478;133500106.04028654
137301001;136418847.63943607;110835846.25655134
137301002;87135780.15073384;66690961.01439847
137401001;29099188.89717305;18825879.99454303
137501001;50956151.530062586;41167257.64966712
137501002;121035348.7091036;103160292.45112108
140101001;129431676.7245105;116258424.60753205
140101002;133197973.37609635;77475961.98227774
140101003;155292422.57898703;124306756.52212463
140101004;37137892.52376174;30038949.110207636
140101005;39184078.865850255;21493740.750208892
140101006;135235352.38583443;101392511.54629195
140201001;81833163.91970779;49049359.055363424
140201002;7613359.3006177405;6076340.2275531385
140201003;131706030.00851968;117785384.35839544
140201004;200829108.50240862;102626889.1891476
140201005;115252710.3463029;74074292.80984828
140301001;13109849.444214435;6787482.961365407
140301002;37674774.607821286;30982517.159364365
140301003;39577563.138646714;32056274.123553753
140301004;112275918.24438378;95026478.8041917
140401001;20298025.48547985;15298462.711638361
140401002;133799298.16436708;86188344.63846622
140401003;194908302.3347521;107529242.35131761
140401004;46160580.72420233;38156191.15255005
140401005;124776512.33764656;87941856.72106819
140501001;128085752.96895184;79669529.35861243
140501002;180530302.7261524;118012150.21451704
140601001;115812234.94639196;87635515.01645003
140601002;40077840.57673377;39813234.09672754
140601003;125165857.14112028;121688320.73204565
140601004;78150986.6583801;42475028.64471697
140601005;197091849.65162975;100281965.4949008
140601006;124440198.472852;80442712.05500345
140701001;168043443.448137;90586397.56436667
140701002;49183714.571623236;29472224.61476788
140701003;258873997.10022968;134768784.5307185
140701004;181858750.78466713;115732356.25783032
140701005;58394465.21102335;51382756.1385771
140701006;202223317.66182658;110495852.07311423
140701007;109188954.3122888;108332124.07161404
140701008;43496450.94549895;32955158.764843963
140701009;192509198.9573907;113108790.94233952
140701010;182051830.8944069;139599956.27217227
140701011;154549432.75613934;80062708.67077467
150101001;127879495.01130874;87200387.84660508
150101002;134159625.72710778;91558318.30050527
150101003;89536802.24741635;58128948.25937098
150201001;137556944.31404704;81815881.26930226
150201002;34740863.65400625;25251526.592034817
150201003;60528124.43295926;48171409.27561247
150201004;7109226.107457212;5951622.491888737
150301001;165616375.74246097;90073080.41906159
150301002;205171374.162526;131396193.80988449
150401001;210175406.51592535;123727184.64746836
150501001;11152584.616678137;10772813.886241151
150501002;198913254.33503655;121611203.41129754
150501003;134738398.7175459;101623941.21670067
150501004;208656281.97148982;134192539.97927387
150601001;241551527.4023703;139834381.6325094
150601002;32642183.148652785;23725405.360559814
150701001;176428107.87464496;104429745.74771811
150701002;246143438.1914989;130829300.97115211
150701003;113067513.20166662;61971594.168524675
150701004;159098052.85946697;131560697.2979623
150701005;56710715.58033245;54680192.94293704
150701006;167277703.6716714;134733853.7273347
150801001;134387251.74374828;106626091.92884313
150801002;25492696.868065912;14088068.546420587
150901001;138155307.5306164;76391065.91872652
150901002;204312287.66081002;128090585.15192914
150901003;91153284.63296331;78937340.59675354
150901004;9508056.610171957;7521040.353662539
150901005;184800913.83285505;134239582.1550669
150901006;110513786.89579777;56009747.94006534
150901007;177908746.9577689;120973996.49133794
150901008;161670892.73673263;116964567.84655115
150901009;117058287.93097085;114411910.9358884
150901010;76755491.37274149;55071687.316175275
151001001;85162597.85575296;76771122.1943555
151001002;83240210.6732837;69296489.74087225
151001003;170355599.8186851;118745829.60158885
151001004;179996746.5479889;101475555.48991019
151101001;231781669.02071145;122677347.09982781
151101002;262747374.89429316;140243991.4079921
163001001;206245450.39428794;141456847.22303778
163001002;112033294.00563599;87385578.1593426
163001003;160675977.44401228;126910947.09178701
163001004;116070588.10131156;66281212.83877705
163001005;98474386.2352565;57747832.798841536
163001006;129116474.96165875;118619293.2954391
163001007;112492218.90420593;60274995.77454387
163001008;43620405.652423486;24456996.39172453
163001009;46456556.00073152;25710454.236754213
163001010;145564630.18428138;86919243.43968524
163001011;182667643.14387658;128356887.47350003
163001012;258636948.9309575;137402278.96478698
163001013;54169203.52322328;44677912.22299394
163001014;156513580.22271243;78910936.33464622
163001015;17305500.89081021;16850385.503953326
163001016;35524099.55403507;18545367.83019003
163001017;171994711.46386757;110752238.96929634
163001018;13126984.5396658;7821294.784106914
163001019;113946870.44838665;107001379.31256606
163001020;92625506.4870876;60784363.838924155
163101001;101962864.6188287;63019407.01961979
163101002;25257771.30571717;18305487.451669883
163101003;90739937.14757803;50879865.861170664
163101004;180891911.13816;147133238.6398744
163101005;3422371.40770118;2766993.4864686625
163101006;74175407.02616692;70511435.79905069
163101007;13511428.46082642;6967697.610366059
163101008;6155983.360489896;3477035.5280998866
163101009;174217018.16844314;116447811.42599618
163101010;76952398.2444967;40557674.156572305
163101011;273671655.3341128;160684319.05878037
163101012;186887660.517954;136207250.1610754
163101013;104309372.09372011;61663142.97139539
163101014;16648250.222677538;16044565.136535838
163101015;167559124.2687735;151858117.56514052
163101016;250271329.0252127;159911733.53406134
163101017;263212214.6945325;137575358.85779998
163101018;152130516.93011034;77434049.05633025
163201001;2990979.5385641325;1514472.4720787138
163201002;124443685.65743575;91081760.90403202
163201003;210526313.10489634;150247729.78469422
163201004;30789616.824756674;29626621.644982666
163201005;155028030.4092767;78770783.62571242
163201006;84442727.84016438;70520859.93007025
163201007;16024626.863920188;10818584.040469743
163201008;64442230.504300855;34048950.7810236
163201009;65050441.52538059;35038085.83485185
163201010;189221992.45436656;115413740.61534092
163201011;47038730.389634416;44797623.84678649
163201012;194749581.86990246;114902073.00717819
163201013;25281358.01734336;13719740.88894395
170101001;172032663.14753217;113618380.48218478
170101002;93173622.98508698;53758188.94770427
170101003;39436963.19793432;21793729.737422336
170101004;51560590.960507125;36041175.19213906
170101005;23860871.695701227;15900070.181297531
170101006;160289285.25362742;91862229.17076728
170101007;166791983.62216365;102371721.42972928
170101008;169136777.59494722;147916378.34211978
170101009;197909426.32289097;164758187.48224336
170101010;30713923.29349305;18964992.696531173
170101011;24656737.248113334;22456344.695839856
170101012;245822052.5553275;126271017.79753037
170101013;104456947.63814083;54210778.824508086
170101014;209496721.05757028;128452648.42529085
170101015;65271380.1810606;50522735.25816495
170101016;201418392.83724937;148771815.35666856
170101017;120593039.89685816;103608306.12652534
170101018;66811226.71878583;38407989.00532442
170101019;85142733.27058366;61883615.710629664
170101020;274276724.5658931;169411518.71992007
170101021;5242042.507602215;5207056.922996245
170201001;200441818.8389076;134727631.45226476
170201002;146063286.93491077;110470024.90576562
170201003;146036437.03037912;92796670.47429633
170201004;18447194.08971487;13139702.565864028
170201005;9107594.075954754;5357085.639892708
170201006;73112797.99624571;38929441.14215583
170201007;232099873.8403323;158508010.8242103
170201008;139894678.73722744;73893884.83410025
170201009;156135122.6533939;142078942.1563039
170201010;182643091.21876547;112569311.5719762
170201011;255677821.9082844;135961372.3339675
170201012;45745108.66111956;33720129.83156417
170201013;181121043.45748147;96524920.11923477
170201014;215723327.67867264;110374255.46105927
170201015;49004702.40091693;35684551.38666495
170301001;276647405.3767084;163871975.53533843
170301002;268870190.86222523;140145164.42574602
170301003;9281071.240297517;5905713.669081719
170301004;275783799.04044;143840947.33091468
170301005;179125495.01398924;145286213.59677297
170301006;95027450.77616368;53462817.22515286
170301007;20384603.482625615;13955420.495370207
170301008;196541812.62296462;164360826.16571856
170301009;236987400.80875567;143370587.64061108
170401001;90881808.99634773;77316197.68005143
170401002;120754556.88135247;86029998.1433033
170401003;43726073.508046165;23577636.71609639
170501001;83035584.32042868;66586422.51393469
170501002;129932896.85471085;71941635.01722391
170601001;195443571.06321657;118202705.92221165
170601002;130428169.53100574;121297147.1885034
170601003;255781287.33849683;141891421.2659178
170601004;152618233.79099694;107403178.43045531
170601005;106547330.07399407;93142369.43340795
170701001;52363095.49153379;46814260.904518604
170701002;191618532.05003813;99192141.1599797
170701003;134056118.81188354;67409572.5131822
170701004;61307149.64448836;46528971.05077053
170701005;191138776.0728545;159018804.53440267
170701006;97439332.0287836;83213524.89379333
170701007;237773765.9593151;142093683.29537132
170701008;84549573.80313608;81923015.41941889
170701009;3359845.594469149;2654345.2996356934
170701010;4689280.916612911;3346174.2361667734
170801001;82266617.74199586;57641076.14057624
170801002;105758469.7223653;54889642.51841848
170801003;65262881.73926826;44145140.01010296
170801004;197738912.7195125;105414485.82491875
170801005;46977736.88289112;34821510.91027343
170801006;15899789.777755143;8401778.994624268
170801007;134905836.6287263;121978368.34527582
170801008;183294876.12323034;111889173.49120863
170801009;59784360.86953518;55084756.26843321
170801010;202918216.65438235;134461610.17989784
170802011;267726885.34481928;162950953.16869456
170901001;162085719.35511452;86561099.27938095
170901002;118584313.00143002;68271581.44642381
170901003;276586663.57964706;167737817.78381625
170901004;75140997.07923055;70785442.54442528
170901005;204084579.7494213;110367912.96279253
170901006;54329896.0689372;36225436.262315445
170901007;224884051.4441669;153311074.26651093
171001001;150567574.0265864;150138655.51299244
171001002;11361875.957168983;10402933.281158
171001003;270754123.982564;145069931.9910278
171101001;125481784.4217634;64121222.944137715
171101002;204623763.94453788;161385192.80566242
171101003;208702414.2989752;140488078.85944852
171101004;232221982.44483644;168356483.53627852
171101005;37521341.732226506;30881038.01034237
171101006;254769644.60431147;156620462.03909788
171101007;179164288.7496393;90232666.92453739
171101008;272905811.1475411;170217384.21373266
171101009;238631669.65101007;165384331.68375748
171101010;112145866.47198243;83866257.12840463
171101011;181143433.6701123;142378931.75186273
171101012;192839938.06404024;162796162.08676642
171101013;13958082.050842157;9484728.025989143
171101014;80861260.41590641;49785476.30810378
171101015;31694072.037316203;19495902.974121973
171101016;20891248.506637953;11522091.668758422
171101017;262861018.81889835;139122259.78960645
171101018;38008069.802880466;36150725.18439404
171101019;68633614.74382965;62615862.251775056
171101020;90828202.8662533;49260150.34510953
171101021;87300465.14322834;85006612.69460377
171101022;279113990.25372183;163423711.4139745
171101023;117908045.79983255;84388719.88004668
171101024;68886200.47322287;62073808.277140036
171101025;64590080.62787836;58519049.918907404
171101026;162045667.6375813;93364327.88708043
171101027;242001383.29213658;151259254.30465874
171101028;152374525.07248104;148449675.9181641
171101029;174561694.7318174;118721209.5196231
171101030;43512956.53615553;37499197.39494417
171101031;93318785.13854502;52353536.8927129
171101032;233970290.3848326;162537261.94125536
171101033;91928425.88327561;64431243.00591984
171101034;100332627.68732117;58010873.78801231
171101035;147317241.04602128;106008473.6423171
200401001;142047383.00914398;131378664.21703029
200501001;114581871.30019638;108266491.30173236
200801001;124124255.29179524;75502381.62289217
200901001;335947112.059979;175745491.9515764
200901002;22842653.791887462;18419654.13324791
201001001;236045992.03423947;182515865.3790571
201101001;267841227.67245552;156069544.04010645
201101002;165736285.769487;150296461.08159825
201301001;178008522.07115442;101068696.30153742
201301002;32720775.206236437;31896037.715659484
201301003;24610568.105320778;16219715.240877677
201401001;191965913.83890238;188133229.61316028
201501001;249411344.95139605;195044059.37108847
201501002;39964780.83794917;28156903.58211873
201501003;132817882.1157443;94803156.89839904
201501004;114305633.11491998;67775788.42365153
201501005;94341914.78155164;85372762.10353507
201501006;6903093.89731861;4061591.326240472
201501007;298830129.98666537;152028433.4897614
201601001;101244479.39742865;63408998.01109822
202201001;119505094.1613683;72512990.2512112
202401001;1501768.4716426996;1303661.9140145986
202501001;151236775.14354628;112768372.57293719
202501002;268969690.65119314;135753601.11519802
202501003;122443421.14654826;78993920.36641741
202701001;89087614.98914497;51936266.486941606
202901001;116929208.5890412;75962577.74556126
202901002;161385237.00589395;90415931.12055276
202901003;72471854.44986442;48085325.42916293
203301001;249289265.03343004;189113862.14180782
203401001;62601305.51952116;40215224.23800836
203501001;217646754.17119882;135164452.9476479
203801001;129582309.71788721;85377205.02266414
203901001;250418135.1213212;128752602.64155045
204001001;94021862.80599172;62288586.42179974
204101001;59694844.8700165;39661347.7212234
204301001;67971935.09071136;44471568.102738045
204401001;146586569.7535121;89420404.99382202
204401002;272008487.2469811;194609069.07286906
204501001;216987880.71957156;114689496.68356244
204701001;34839091.17108233;18182315.221277554
204901001;171608317.2010467;114105975.38220191
205001001;76949365.45742992;62352503.53211081
205001002;212137690.5684101;203237213.49603286
205001003;221127291.50186342;145564768.7304973
205001004;197210703.3293944;118180654.05648904
205101001;205249410.34007752;142376111.01257727
205101002;326198237.28340214;168071033.66098702
205201001;331669529.1182067;185404549.18373397
205201002;153999512.0021634;133707841.11242002
205201003;259724929.04458722;155532642.766549
206101001;100257461.20259698;53824221.672561914
206301001;240659837.44457015;206049802.4247593
206601001;130098643.00542557;65337103.752057694
206701001;107200991.07844403;81525897.64907461
206801001;242064822.46607232;122889288.67899163
207201001;61870080.30169661;61247476.780640006
207901001;133877982.74372528;108432942.64341865
208601001;361156524.63423884;182320400.46835476
208701001;6222826.573318101;5691476.391764059
208701002;149777912.1460944;144110362.7982998
208901001;16062299.63176647;12666617.1922549
209601001;312237253.24872196;188296068.42832926
209601002;106936331.50091487;87881858.2496413
209601003;247126534.2706877;136350134.47329736
209601004;18626851.657031804;9930621.475791505
209601005;199664205.58396456;118359359.04268517
209601006;166054221.52975744;161061939.19396642
209701001;245371655.303572;178408561.05908576
209701002;250193363.40339473;148224054.43468434
209701003;28286722.03966525;24326137.146830138
209901001;116581405.36383425;67148901.77474551
209901002;32653858.387124516;16674046.817006296
209901003;328164805.76887023;192563881.77378613
209901004;26187630.153823227;13460069.959798787
210201001;274970350.2945262;139758483.12750903
210201002;145474474.71167368;106657325.07060441
210201003;163436274.89334476;133896032.8065231
210201004;211198402.57271358;111792856.12267025
210201005;32984866.085753255;21405896.414152794
210201006;201662985.38332576;108765954.56100897
211101001;166459124.14221844;155807032.87593395
211301001;132077578.9140886;106254590.49185881
211301002;220147549.77697745;117050665.90021732
211301003;332924467.1216918;203505129.4392011
211301004;143306850.86690634;90803545.10929413
211301005;136811445.61057505;69814745.03434929
211301006;175470808.25244156;98442130.58995228
211301007;169647669.1765838;104714815.50695378
211301008;111983570.00837405;94298909.52072658
211301009;29002006.299440082;19117928.285288855
211401001;144663052.15670198;134971280.82748464
211401002;141643058.89842463;81489092.98074889
211401003;123226642.71560615;62316631.56716325
211401004;116655268.52607241;98824907.21260838
211501001;218292470.15426087;112205495.64800559
211501002;276746738.0289152;158145830.94837084
211601001;104621362.1050931;83536963.76570939
211601002;102964193.37830712;97089503.61164811
212101001;197713211.46888334;150835184.47534043
212101002;179569099.9583931;118599008.44819361
212101003;382682000.4383552;192889081.2643132
212101004;237467506.01892194;205110613.7165974
212201001;302101714.73167336;164788531.1621334
212201002;254218582.08701548;158566664.75206777
212201003;51915040.22449101;37457114.596709184
212301001;145799594.783037;121981445.85918178
212301002;201547364.51788002;185828444.46935636
212401001;132386506.62415226;99617652.98867916
212401002;161630991.26907337;161379995.05230743
212403003;245277897.74284834;138272311.9093973
212501001;175635605.84130365;173821176.46775493
212501002;159944194.93516943;122540210.88381483
212501003;170500490.68681353;130720429.2751528
212501004;205391991.08782715;113351032.71563925
212501005;362000060.66911626;196108055.02256835
212501006;413674.41035038617;287995.34809768933
212501007;195908291.17238766;120726184.61694102
212501008;114605608.46999583;62320277.98727669
212501009;174864215.18184987;110714185.85551655
212501010;166744923.48850527;134270870.0472066
212501011;147471136.88904408;111493265.12849863
212501012;108623997.85193902;59138803.225561164
212501013;140873140.0950733;100643961.71876086
212501014;1358953.353051766;740121.2696037039
212501015;78850360.5706991;50592293.74040205
212501016;385462425.63188195;201039784.7886507
212501017;341285082.5078716;209440522.20332175
212501018;216588509.36673796;186465296.69252592
212501019;4902886.088533222;4041670.6642262163
212501020;189049253.35867578;110110150.11745939
212801001;403424536.7880113;211599569.53075022
212901001;77738892.56894206;56176556.11822006
212901002;247153682.2515711;181809869.27835947
213001001;210248976.4056676;177438066.4106799
213101001;51450121.20300229;31320464.439736877
213401001;210938510.11313158;120006777.92920823
213501001;35036848.52344798;19166116.968424127
213501002;196063422.75814512;188777567.8139752
213503003;69147501.08881405;58773669.54716292
213701001;169593586.79275423;102995071.41272749
213801001;159558213.83397;138951260.73385257
214001001;400580898.75696564;201040863.18810487
214001002;214861493.92553833;167054135.88349745
214001003;44504740.61846357;44051465.53207932
214301001;187507621.84995958;127705099.56611939
214501001;43794062.478008844;30639288.590228196
214701001;112700361.15083265;88786816.48549274
214801001;210780706.0795232;188729024.81525418
214801002;153563384.7274246;105946664.47569698
214901001;149277224.89735633;96833397.19660182
214901002;241468763.29483423;190548729.1517909
215201001;186785130.27176553;115073665.41780248
215201002;201800535.86199188;179958895.50701663
215201003;33784794.654635094;18275323.29294763
215201004;219771274.26509735;177730906.1362427
215301001;90876687.37292208;55065205.89386144
215501001;98707317.77193098;53179508.83645209
216001001;217950397.1359554;212059600.29425707
216001002;147770493.08025715;79150114.66610947
216201001;81705722.82071574;42922891.600752085
216201002;408318668.6601556;207881606.63024178
216201003;183588970.64452827;123249685.03740945
216301001;184222511.5173182;104108007.57255287
216301002;95510751.89352432;72238750.35964285
216301003;314836967.3815714;201470326.10747695
217101001;45134096.47712889;27841172.543911923
217201001;53620393.44166557;27460580.309961975
217301001;300571601.3137721;176493697.54769194
217401001;147529866.23139048;99085765.21866809
217401002;1048445.4315730679;981272.1668210649
217401003;106425267.75850417;96948496.94320032
217402004;159690199.28185833;108055419.07363774
217501001;68057252.7829151;41964108.17271721
217501002;171368863.1595234;100709044.33555782
217701001;280700073.4091409;145844033.85508353
217901001;169355306.9901949;98092130.2912485
218301001;428637413.5818799;214574590.0095148
218301002;188352033.7863241;158723667.84648028
218401001;11762088.167963197;6691810.405875848
218501001;271393926.1650884;196702117.3828092
218601001;244872581.6228128;216990819.83878314
218901001;217781925.50922564;162802630.4128824
219201001;313010780.6177113;158380676.08200833
219201002;171855688.66168648;164120492.28548434
219401001;189861778.73518243;167379132.74841866
219601001;307548814.0409035;184562454.64668596
219601002;89740432.5798403;45410645.47761662
219601003;33348420.103843074;24030396.97854316
219601004;23863706.983636912;23167215.79767936
219601005;165363515.79187334;143797075.63452512
219601006;243799719.31946057;166676490.5989385
219601007;123338359.6765292;111919310.80420072
219601008;246810994.91962573;164086980.61794102
219601009;168126457.16364977;97749003.79509771
219601010;334695625.616701;211307664.13542357
219601011;388601762.6206511;213542253.3638936
219601012;6084919.4352731425;3389580.611742535
219601013;212470572.92217067;148162614.3844727
219601014;358345688.8417511;188436574.9476217
219601015;184240601.2215251;102399353.243677
219601016;223371585.92151642;214587492.78709763
219601017;290658397.20233864;189117391.10875684
219601018;115628934.66080508;91740557.66385643
219601019;255698373.97283247;161989691.76750302
219601020;151647683.31036583;111351109.69405308
219601021;192653568.08275747;103197328.1968833
219601022;59324768.73983255;52978823.97349713
219601023;323521773.72303927;200208445.95909995
219601024;188482390.39903802;124905820.07985888
219601025;125843030.30298041;109814429.75846757
219701001;166055537.3625227;159754289.12302613
219701002;153057842.848239;146374535.37304685
219701003;137867450.649295;71869396.29764597
219701004;2742610.9827727424;1554472.488017508
219801001;247829321.90079105;173912049.7387301
219801002;201929222.90557435;199860988.6063847
219801003;99048585.90342282;84162673.10835591
219801004;41022984.47553498;20662207.97596398
219801005;49799280.727636755;34564035.57422471
220001001;46347980.89045192;30930353.460451707
220001002;130076427.31283346;104487421.33258273
220601001;126237849.79038009;70364681.39104064
220601002;266918053.36247227;161382641.5463576
220601003;299469725.1754054;154756639.80204254
220601004;167435928.30336544;92979338.74420337
220601005;100801909.36416566;83660932.90687025
220601006;128074033.54010889;69813686.48588914
220801001;6302728.446587482;5844697.138281235
220801002;363340322.0449365;202862651.61179432
221101001;169617634.8226226;114406343.95566347
221101002;113926655.25282323;74505810.05300173
221301001;228855915.83674282;147461990.84350446
221601001;160121400.4742495;149591371.8351442
221701001;238818465.1639133;180479206.9571928
222001001;164780680.93786955;152549231.51754886
222001002;39852048.77905999;20155590.452800903
222001003;4364123.407425663;4124275.9175199075
222001004;18830809.927332576;11833133.303428119
222001005;263083755.64336175;138359642.41418758
222001006;118635493.28104492;91330673.79731804
222101001;183754763.73479122;137532800.5065173
222201001;236003564.16373172;182724747.82825202
222301001;104070148.53575937;61232863.23082446
222301002;18490869.369693555;9804858.622145766
222301003;80997413.01913774;42395831.90227568
222301004;266664709.64457983;174091616.65829375
222501001;215450744.99302107;167735255.8430731
222601001;136001236.00444537;88839889.94403417
222801001;119049543.60488161;115742921.092744
222801002;158799640.2001937;130956093.59384698
222801003;279815977.0777176;194080173.40454388
222801004;269949118.2298068;177558127.61277232
222801005;189095233.06020802;109018706.6680391
222801006;210898717.46599203;124565630.08246496
222801007;399268141.1062372;206534567.75314206
222801008;198817514.5624331;162357647.13122356
222801009;71390915.85732631;43871311.594074115
222801010;168213407.55296606;92583731.80322802
222801011;22823463.46382891;16341646.695729785
223001001;262390498.62062967;188805524.58978873
223101001;155029193.10444734;101969408.69832386
223301001;256873502.88387942;170476391.98063138
223301002;161864001.71112677;121066911.98894155
223401001;240748737.2764386;217718407.54649562
223401002;401862542.95083284;217597872.55443093
223401003;55796632.83321959;40737846.0453775
223501001;113442400.12904175;59142605.10943835
223501002;384771776.54276;200934424.72610688
223501003;249945614.36135882;173802383.4763921
224301001;384932650.42619306;205448047.96083146
225001001;183446695.27907798;171106818.0838903
225101001;305481481.5481631;221011104.79126227
225401001;309443633.51817405;197322732.3095917
225401002;177234045.53380847;120171752.5213823
225401003;14664932.814191513;12774249.82332725
225401004;370225975.50330955;220234612.41821378
225701001;162258539.60028717;107168209.74650213
225801001;227638555.8958315;156086959.85542807
225901001;69343859.72095887;57963545.51812721
226001001;258619796.9463688;191972988.29325962
226101001;131070437.73762731;83393317.50718771
226201001;105000832.68247539;93477835.67368728
226201002;210984519.50361526;136764928.33935538
226201003;9723375.304546103;5364221.616232898
226201004;12693721.560874699;8822166.962217247
226201005;156643858.36158496;99124500.86160536
226201006;165460582.724363;113304032.2947143
226401001;184111127.11836466;113997115.50183947
226501001;284501964.5896065;188239707.7048544
226501002;153971041.19273102;106504815.48027033
226501003;113204842.23188078;86286887.11669646
226501004;9793402.06288247;5094278.689701084
226503005;40209748.9758132;36754825.052646175
226601001;319720834.16147614;175066248.8269078
227001001;37012438.615805715;26678981.31405647
227101001;242297404.58896688;144438061.8956918
227201001;253436677.4314722;135413820.05733502
227401001;211481556.60904348;122099255.27174884
227501001;103784630.05132863;79823950.03766245
227501002;159019438.72368637;125794599.67951477
227501003;11221332.373174503;6716953.675887132
227501004;22185157.715433247;11862066.836643413
227501005;296311663.9038166;191326622.47902572
227501006;215355808.06639984;207382574.64708093
227501007;219214362.1575368;213640513.0406734
227601001;114965190.11481309;95326084.12039173
227601002;80494854.77828492;73763351.67243335
227701001;181193031.45001593;94433970.5811126
227801001;77239393.66541074;51285577.02304763
227901001;369788348.0979527;221084759.20842683
228001001;127214382.5777795;76042351.19969255
228001002;70163614.7750476;52772623.85051302
228101001;295527065.1713577;174678310.22880548
228301001;126268393.3632557;94712927.22990447
229101001;279291255.8422212;160480789.22355807
229101002;18566999.459654916;13873811.09374216
229201001;24022456.92549046;14785898.337613432
229301001;87656678.55432342;80415520.97288032
229301002;105088078.41720578;53309679.830508955
229301003;235053775.81295145;155000381.44058698
229301004;136294733.4426727;118822152.910267
229301005;209375574.36705595;108246716.77080187
229301006;138866901.84728992;90589312.12479669
229301007;9666281.00985901;8973245.27907669
229401001;108605102.22241081;63832891.07555786
229501001;86052927.60440159;50664750.46922556
229501002;3003093.4381294744;1686011.337493597
229501003;57759091.540102474;56403030.10336404
229601001;237897510.54477787;212545399.19690743
229801001;283868767.06090784;198913500.4307313
229901001;90578556.35574366;51402105.047750495
229901002;223657141.539461;122261151.7811436
230001001;101140329.50401293;67197653.5533618
230101001;121911721.03912497;81536220.32873347
230201001;212949258.2604865;139383472.16795757
230201002;176508396.34338528;96635232.77965072
230301001;27882162.04057574;26731055.761845656
230401001;174080028.01286533;108663018.78386348
230501001;312131226.3778838;205489181.98231044
230501002;230879313.75480187;132423502.07740141
230501003;230682182.80578253;120980000.6312329
230601001;231586912.8075708;206957728.68611008
230601002;296629232.9361167;156720835.48857728
230601003;55102368.92444903;36047607.5938556
230601004;260915113.66593936;211779298.99493092
230701001;27231013.816346068;21814583.52556026
230801001;228363918.1866684;180082887.04311514
230801002;154528342.41567144;102191190.68145669
230901001;357508689.1429909;225915861.72206122
230901002;405019480.8527765;228814887.1325094
230901003;233242786.8145014;142988270.29239476
230901004;56403790.14874404;46820179.05271708
230901005;295017901.68492913;169563811.60601023
230901006;245888417.1853414;180071977.18506032
231001001;14963198.803850573;10405853.98614805
232101001;313827745.5020494;219598962.1997355
232101002;76120796.87149091;43080692.72731828
232101003;136896136.17241517;130429672.62084866
232301001;117294806.42782491;105122750.85631634
232501001;215380446.51601702;111597330.3644362
232501002;400878549.5050047;216312310.54676545
232501003;205159008.72237152;148177486.53525862
232501004;217361053.80681917;124459729.89061046
232501005;403962044.9898366;203153433.03108647
232501006;201914242.2400676;166075909.17032525
232801001;12210131.037577832;9861499.386605104
233301001;206709210.07865837;158585937.3372352
233501001;51034061.4865468;36486054.95785439
233501002;83310712.20845333;47928610.38977697
233501003;165269261.41144845;103043138.64345136
233601001;17288618.597575035;10882321.100052955
233701001;407788890.7271425;211937538.58555996
233701002;176504733.28962252;130364945.03611957
233701003;77174205.48374388;56043706.0395581
233801001;244879745.13929254;169351137.057718
233801002;339283738.8445558;174269122.64387864
233801003;303669841.30145955;161917494.58249936
240101001;14414732.096451392;13054874.846098166
240101002;77982805.67562099;52529140.84064628
240101003;132221687.6136918;118312135.90210319
240102004;185856767.84474543;138223035.79168037
240201001;282512276.49618024;186422330.995944
240201002;321436789.40102035;196445156.2613
240301001;74803024.24834675;58872255.235746995
240401001;58946141.98533436;35776149.007960334
240401002;69397177.83130118;40689466.463374004
240501001;45793167.193513416;37613107.322426826
240601001;338220508.14570934;176554731.64496046
240601002;325205365.42679095;204469260.33965316
240701001;319741161.62588835;169833697.88528967
240701002;119496736.00699173;86476278.27581136
240701003;113315189.62521486;101893720.89026612
240701004;217093925.20130238;193976634.30483118
240701005;104206576.03344998;85822155.84751625
240701006;9668232.238962105;5131017.895034102
240801001;306176757.2200621;167317148.08035064
240801002;219489320.45494512;127845486.86442707
242101001;184778939.76165226;125488371.66664381
242201001;128261833.11671892;82086752.51951583
242201002;137181096.354765;117826919.39711523
242201003;176797138.57249478;104002101.64830637
242201004;145622891.46311083;122052477.17975822
242201005;141764200.35926455;73089314.21860898
242301001;46096398.58984391;39409221.505156085
242401001;15790565.653085537;11890732.674684219
242501001;186325229.30259585;174666427.229285
242601001;23667785.485901546;18503505.754995145
242701001;161256622.42529374;150138365.1747229
242801001;150480764.06265956;132043532.00102738
242801002;24196088.316723194;21114484.92319433
242901001;330839555.54165214;216051421.8495182
244501001;115652344.70732206;115041204.53575106
245501001;29680267.134834066;19386908.92311226
245601001;59194376.36345391;35907092.40150508
245701001;238233463.2795837;141625534.81494135
245701002;251087501.32754385;237270839.2610437
245701003;71075370.27584608;41744950.397880755
245701004;224873114.0098838;178724063.8174622
246101001;331518975.61800694;191741501.52789092
246301001;451658704.18608356;239459420.4109996
246401001;32741959.53296833;20439100.975784007
246401002;195678458.79000154;146468164.9690146
246501001;262633523.37516138;186342841.9487411
246501002;14554227.66497675;12591216.106508791
246501003;322292643.5480751;222277343.55269262
246501004;88213495.22219115;86512570.8817942
246501005;142982148.55043483;101901976.12274638
246501006;26831920.317745052;25427155.365386594
246501007;220587375.17680913;168759549.2958217
246501008;210705049.32164502;154812372.91374987
246501009;361440046.45439255;196894929.99678352
246501010;238008213.05857897;196443314.90328217
247101001;355513651.5143087;189225695.08617938
247201001;126141283.58578539;86091033.66198917
247301001;46718549.547291294;25482802.391964022
247301002;435577474.1629613;245520769.63454723
247301003;143898176.28354284;108938943.66962537
247301004;49112518.4387911;26742630.662298154
247301005;58448397.560471386;38293168.923956536
247401001;421027502.13644564;245127364.5635873
247501001;45307545.8622452;24039053.996876463
247601001;284551993.1581774;211836515.22157657
247601002;8839995.45028178;4567605.7127910955
247601003;343211097.65110874;177135758.91946048
247701001;68190262.12729047;54910129.13450556
247801001;184582877.3212538;154347475.0791249
247901001;166038245.66791293;162704295.84691262
248001001;255054199.2266664;141752196.68226546
248101001;133372794.06190081;112067622.22602454
249101001;25519878.77610018;25137274.06066551
249201001;76373344.70448875;38518796.76551914
249301001;258403716.3383472;195871841.0576553
249301002;14147117.372150837;8923736.072894212
249301003;185458551.70593008;142852462.1130249
249501001;348144977.9341173;245348035.71574816
249501002;290295363.54163384;177327498.36524275
249701001;23296571.525750194;18870054.38184315
249801001;41729314.7609323;38483872.465713516
249901001;159216669.8418145;82076641.94321024
250001001;208119895.61481616;153703541.10889986
250001002;154842475.2132886;107142497.48346718
250001003;61492599.100483105;54433905.06819042
250001004;112830311.20059161;99200924.02280532
250101001;183457091.9365668;107957261.44141723
250201001;120786408.6415321;79022229.47578913
250301001;120995399.91379698;85503010.20106424
250301002;73405298.81143713;51530430.629966445
250301003;391004628.10394573;243147609.35056284
251101001;122085870.25814852;73471122.56961553
251101002;320557328.2064193;235942399.8998714
251301001;287729628.01013947;197143115.50747848
251301002;151966585.82076594;125312396.46622455
251301003;141581896.91953048;139826035.95594072
251301004;127146282.85167235;85036658.24383073
251301005;214218343.06278676;171255995.57089224
251301006;138729431.9912964;115401572.35604706
251401001;314438078.337968;185661455.1456774
251601001;155783270.90360853;86826757.97362527
251601002;121682291.30457169;104884941.30465913
251701001;368234511.79289657;189903836.39832824
251701002;217856508.8799312;186668287.6826394
251701003;296057063.5152464;236779834.35217804
251701004;251811498.85062727;202627406.27818638
251701005;260307254.64442173;177257773.62833768
251801001;25278591.972661633;18321676.312025934
251901001;29135159.707395725;18175523.018304877
251901002;61227527.175895505;45984967.12890688
251901003;285181464.16446584;213542889.54946908
251901004;339705451.80775523;201110797.50047332
252001001;137465714.19495425;108820572.08756769
252301001;196073983.52022192;115127565.8850947
252401001;315126258.80845654;216214834.18374497
252501001;167492065.15756083;123535514.1266181
252601001;385606233.035758;213330946.80921534
252601002;135690563.0057724;79705226.20781578
252701001;127660695.9283518;94132395.39509425
252701002;426943885.07071173;244970064.28970647
252701003;39970052.96646916;36399635.650624365
252801001;110776577.27889702;78863310.6188959
252901001;220986071.31276003;178324787.8972861
253001001;347217645.3962787;198150628.21876654
253201001;217695375.1904367;131461331.25570865
253201002;133861087.61303206;109471629.0470577
253201003;36966101.03762386;22431657.35089236
253401001;226473024.95402473;173221211.21495143
253401002;218159028.92777646;138309980.74573973
253401003;260398319.41341212;181435377.36308712
253401004;414514686.00868857;249998310.77862576
253401005;178765246.91083354;98331873.95430918
253401006;386518579.92706287;197600362.80163485
253401007;91748858.40787023;83862940.88777404
253401008;382058462.57000303;211186305.3535265
253501001;75172092.30264437;71131871.94068421
253501002;151325086.30481875;125657854.1092793
254101001;231424335.3367279;206590753.46462667
254201001;127933869.59184796;64968240.964478806
254201002;20265583.633529905;13070475.850946642
254201003;40179234.20360766;34038173.37285152
254201004;233956015.02578017;156437437.74720412
254201005;205330305.66790798;144050435.77041793
254301001;211854605.88912493;154755021.8016868
254301002;115953057.19405948;75107975.73076937
254301003;331816459.71803427;240581208.9064642
254301004;193341652.00080383;138866828.0935042
254301005;95668203.94843301;83496901.30230471
254401001;145175032.86738586;92893968.52150728
254501001;299340746.69754875;162141494.20932066
254601001;315665063.7390526;252671819.6515356
254601002;242457835.64384577;131341881.7089761
254601003;196946227.8696121;185765120.6559202
254601004;12366954.790425373;6510305.057866276
254601005;217374034.1054174;169475277.69276446
254601006;106084757.81262423;58427883.920091845
254601007;173892036.78309184;97740851.93210375
254601008;40815743.180720516;36035087.000086114
254601009;428533348.32233655;222347977.79109687
254601010;309223936.11265594;186009844.01326266
254601011;144376500.22957897;111076541.07431096
254601012;421891390.93250257;251044077.9280556
254601013;136906982.56943148;71709786.15244481
254601014;228534630.16155207;213722166.1094427
254601015;121905090.75970288;118422360.81914102
254601016;23662899.82501387;15320341.341856694
254701001;342784358.5645501;240670767.36716953
254801001;189894298.2269925;181202154.71805102
254901001;310806354.5216033;175718144.96300742
255001001;487098644.86602384;253979206.35193506
255001002;78761728.90694582;70156483.02255407
255001003;370590524.2264723;251046400.6822688
255101001;151884225.43644938;113801608.2151451
255301001;111820338.29674023;90448666.3029188
255401001;198823917.40992123;144565565.8209637
255401002;144421134.3176369;73165542.93741149
255501001;212392417.67962393;117030078.64726096
255601001;5491070.639961141;4531546.360256643
255601002;313018308.4749946;251697518.45399746
255601003;114736166.51859204;88721737.95522058
257101001;63952549.36417889;61581389.11503991
257201001;128028242.72870661;64357208.41864657
257201002;446159231.4075225;255971183.04987577
257201003;232609687.46095264;161573504.5286032
257301001;18576467.48815948;10500165.273785338
257301002;42236364.335713156;23914848.89195443
257301003;193226581.48594758;118807902.8728615
257301004;183716959.97229588;175253780.44712415
257401001;101537480.29975389;62772181.993220046
257501001;271534138.63335055;159086295.64503506
257501002;381247542.65417916;210818835.59030756
257601001;148995570.3333664;146579736.4925374
257601002;24924397.41088896;20140435.491573907
257801001;280568690.4399105;169250068.68147847
257901001;30543236.941371523;19667007.09232699
257901002;71558171.02190027;60846256.103953674
257901003;56775385.75840825;50302682.084912166
257901004;317842645.1211828;227525455.856264
258001001;266699677.74428523;217930358.7643478
258001002;77693203.34969378;74416856.1542783
258101001;354358799.5241407;206185360.2508708
258101002;18677059.232020546;10509530.810217028
258101003;384267833.08377546;248759446.49327427
258101004;264444547.59743994;158543671.21827862
258101005;3317116.915166564;2791172.335928025
258101006;206034297.30456048;111265285.69578159
258101007;53926876.34712824;35305480.345873035
258101008;351537639.7744695;196335501.95487514
258101009;318416558.5723009;186063414.16362774
258101010;95515724.02489266;63407133.70602868
258101011;346942822.3833624;250446415.2615667
258101012;7532672.229073909;6168208.703515708
258101013;113214116.31945601;104984771.48649421
258101014;173886604.41507328;103260124.82360822
258101015;239195667.76518506;234000347.6137809
258101016;422158637.21280307;218692644.99083474
258201001;337720.55182840663;191317.3104735014
258301001;3260059.551298695;2176742.884750799
258301002;104076198.82791036;69347913.26321158
258301003;32293695.16529649;28858454.528799057
258401001;162763808.81264305;128605547.83205572
258501001;404980232.35716873;204462386.6595094
258601001;120369166.13895206;97202323.0252664
258601002;229169149.4814739;183321454.16533485
258601003;56334160.22639004;53483867.645979576
258601004;271663684.3376591;229060792.28866717
260101001;425344779.3762124;241680792.19998118
260101002;377696220.66367054;227905003.84993678
260101003;409745449.2817554;215131584.47906366
260101004;165426940.88061565;99925634.06284513
260101005;181333484.25777653;99560054.31957291
260101006;218211702.49457958;127813406.33027616
260101007;142352306.10534313;76797885.88353015
260101008;161715851.6921324;129647812.50306877
260101009;340467022.90018386;182218906.0618862
260101010;79838816.28575712;73484195.5547248
260101011;155403655.53640658;111592283.51578227
260101012;166936375.69349775;126589131.60690929
260101013;278194169.46647394;228150216.17859244
260101014;208083942.78916556;147672550.38833788
260101015;88390220.1847061;67192015.10293666
261101001;221495931.0224218;182775500.40752935
261201001;270142830.1499973;191788102.44204527
261301001;130527659.86004296;124166645.45860158
261301002;160405257.382687;118011869.38015355
261301003;330460909.59236187;173294962.18018004
261401001;87441768.6005921;74779555.75647214
261401002;163091994.6439506;156942557.21490952
261501001;28972356.175311197;15293223.58689878
261601001;271961631.72538537;219649904.1622414
261701001;309794069.9702337;261572089.138366
261801001;75819628.5087011;38107221.15680538
261901001;70114837.20326479;57098050.53425064
262001001;48005365.72760862;36434882.28820475
262101001;51685700.44861535;32093070.767806306
262101002;71442612.73437545;61105852.51745846
262201001;358465603.67150223;248469343.83452937
270101001;496010935.16808695;263126076.90408933
270101002;338762389.0018588;208452136.3600924
270101003;37485902.01184319;34533693.63729761
270101004;411574267.5375785;218971171.59682173
270101005;307076940.4641581;163696634.30688122
270101006;11549882.133430531;6431052.864688707
270101007;155201596.57794297;135208009.49793229
270101008;88958946.59978001;55537811.352205604
270101009;97415713.41736098;57223044.215714455
270101010;392196237.9359939;198828813.5243535
270101011;519659870.292767;265421552.13176322
270101012;420740801.1941151;228004598.88787025
270101013;79967607.48142771;40138038.919712044
270101014;41023970.68091654;31314524.598681744
270101015;145975380.62323412;133074729.19296592
270101016;143079021.74718246;102971719.87872045
270101017;178902009.84249005;177943649.76771745
270101018;229341309.78329217;119904403.42989549
270101019;305082113.5513413;186319321.84010237
270101020;41797080.3021492;31391182.643767692
270101021;92512369.7004433;81740483.86635453
270101022;161380593.67097905;135348587.9912124
270101023;95731791.42521587;50483592.031249985
270101024;308730450.6144532;169841193.82577738
270101025;397182965.6959585;247105897.3932948
270101026;312817378.492846;225501471.50259802
270101027;75645319.44407678;55006822.80380032
270101028;171191173.61795864;92144551.48005655
270101029;263197444.57380906;189484817.03741917
270101030;380677943.84818804;256129630.97978252
270101031;150863616.92853007;78896010.23192658
270101032;225634294.49822724;214880434.3524593
270101033;477608394.4605936;265570183.17836133
270101034;8003153.4993934175;4908213.537666403
270101035;5457694.249768213;4410168.990508208
270101036;363711360.0230588;184933588.6445649
270101037;55027689.58667647;53091890.85929791
270101038;258083378.24036577;152178978.6385344
270101039;165194980.99079716;125035347.65187113
270101040;238878440.52762896;137759717.77916083
270101041;75253106.31224851;61688961.190626584
270101042;240784476.3006466;134213936.43475349
270101043;298792404.2911034;173805049.5160532
270101044;171470812.79742128;97904473.92504798
270101045;265243066.48096496;257698037.10653389
270101046;56945366.2584791;48581947.89275033
270101047;196091266.2983895;119740721.24497151
270101048;104961165.90020354;55819415.27204
270101049;102929864.4524783;66979789.070263304
270101050;254201303.15213177;234523079.134788
270101051;294899724.36813647;149127223.15831974
270101052;410115270.8206386;209761499.55316967
270101053;435674259.2816793;248276685.1638411
270101054;352096718.38777083;183546193.97197148
270101055;251271079.82086727;148536242.29341486
270101056;367191983.0860522;205867349.18424362
270101057;35709470.79918821;18144516.052573856
270101058;368077389.6398569;267963774.36134923
270101059;114061350.9852318;102199737.42575666
270101060;143942122.8471544;110664901.42545137
270101061;307813136.4367246;184027475.2703041
270101062;212198304.62233704;160165772.4913606
270101063;93773164.01032265;77404822.19407216
270101064;39941495.0669478;22282788.477246054
270101065;236665402.13310984;199425994.79727754
270101066;277583120.4212621;166098901.75249255
270101067;168980003.1974487;88114162.46682552
270101068;479776366.7094933;257473888.34564152
270101069;101244721.11843558;95041353.74411134
270101070;389857955.6697512;256922290.4144855
270101071;150432330.9164044;103969267.52437112
270101072;117171564.72077914;75177237.79754601
270101073;211440316.4541896;164638121.76216912
270101074;108246047.86548027;60024260.001105376
270101075;221073768.01593173;115836786.35406753
270101076;141267937.5598172;131514262.80464657
270101077;227033937.07506457;186743379.863718
270101078;206545462.32919735;108270769.72195181
270101079;129396762.99764916;92852423.80622666
270101080;308970285.3754703;252867538.42497143
270101081;219257273.7148151;111430511.32773434
270101082;394469311.9106686;205294335.34819764
270101083;166589725.45609763;143282970.34269616
270101084;68438407.05716953;65347221.97604754
270101085;141489168.64353144;80713356.99314047
270101086;145501119.8870434;137402275.6961156
270101087;61472152.49264422;46962482.75706176
270101088;267767649.33306655;147221142.6655415
270101089;114916712.07369925;57662490.887278765
270101090;407729445.75701064;238715102.39713305
270101091;120562319.85612272;97548613.09431612
270101092;102906382.99233867;58221711.94119369
270101093;144689935.84710276;100764949.265739
270101094;261863863.49719656;186455216.81285128
270101095;40199415.079688996;32126272.059689727
270101096;255380636.5055198;157753982.10284388
270101097;77946162.7938056;48939148.90865407
270101098;129210574.45765655;110867663.64070368
270101099;204576928.94784617;123414392.27754137
270101100;298944644.63588834;181470535.45612246
270101101;7641348.4795415765;4973281.612701907
270101102;394059353.3300026;240159800.06352606
270101103;214086901.41300428;195670372.69120842
270101104;290952787.9065038;155421464.35281938
270101105;47911932.9069869;47096138.50421358
270101106;178094426.62569824;102820233.64801274
270101107;376283445.7708674;235306456.77587277
270101108;17717736.09036654;12768036.3914316
270101109;285941258.7769739;204642154.2206421
270101110;202354931.9341079;119339725.60518414
270101111;377343185.3247245;192347006.99850285
270101112;94754837.89673397;89705327.26055767
270101113;94572927.9161505;60192737.20038621
270101114;96401864.16162273;81356568.48760065
270101115;291086013.3889702;207315353.27673292
270101116;282576441.33242553;215865792.50292894
270101117;442590671.3420529;268494751.6567534
270101118;164717968.523607;87235008.89218774
270101119;88111464.45464836;87883447.46623412
270101120;157855727.71994185;89464508.3928866
270101121;471490545.9272734;239360376.33736655
270101122;304739160.2336986;264097671.31435704
270101123;160838641.2441109;98174441.8025773
270101124;4772768.072540687;2579407.602046877
270101125;162509299.60676664;119597217.37511499
270101126;25707003.232210886;20225468.653275624
270101127;103454219.47843617;96444487.6321171
270101128;352233077.8448976;260179429.22731522
270101129;128655719.07112166;118251746.11816455
270101130;119230282.01737474;118483568.5901448
270101131;246764612.58567798;189393081.96594483
270101132;177258373.3764826;123010509.31899786
270101133;137861859.03804302;106377065.83163421
270101134;83993651.98848921;49846800.182860516
270101135;392860126.16993356;218216074.27409565
270101136;178052131.82356843;139981230.7397218
270101137;234433557.48111597;154264405.13981432
270103138;167280664.6539626;153336440.13243902
270103139;366588153.4261709;261293712.029326
270103140;4507854.76577519;2351198.2475542896
270104141;202660188.56595293;172686714.5020222
270201001;31812254.01453165;20304273.39855842
270301001;87490883.66726814;65339634.020329796
270301002;83299307.48255174;42314315.241832346
270301003;8219654.81367076;6915427.237761086
270301004;206920342.95442;113150689.3894079
270301005;148572567.5139717;79894707.04447427
270301006;197065158.8602723;161494140.9026927
270301007;4550674.513992246;4053738.7956676655
270301008;116506158.41181593;103693787.5122798
270301009;358703909.5707455;241011055.8002854
270301010;55646240.82657598;34010603.41840007
270301011;108622469.82261896;68217679.0290102
270301012;122712409.40739709;109289045.71683015
270301013;72808505.34744729;47787015.78534354
270303014;438014108.97872293;269159432.31971383
276101001;312424112.393331;216790127.02692297
276101002;99039677.63981846;65393909.03127915
276101003;414738717.49132454;258726390.609036
276101004;56454563.86707258;32878037.4778148
276101005;7224895.745768461;4741376.919548738
276101006;42881288.175010234;42448914.04081024
276101007;245784220.31580332;172646739.3810741
276101008;34478401.47542554;26217199.978787094
276101009;439282053.55306095;223047452.14105254
276201001;251050161.86092362;214632158.54287905
276201002;138192712.448033;122176339.88161205
276201003;175220018.64821905;100254614.71824649
276201004;198179759.35270777;184136886.04101938
276201005;101326782.13320611;56638437.416907065
276201006;7630670.505397073;7045871.145947815
276201007;152572993.09565526;118904809.6940484
276201008;278826194.60603315;152113787.31647015
276201009;23479602.759562947;13933483.55867417
276201010;270808941.49133843;242627508.64417455
276201011;181593611.15625757;126771880.80347696
276201012;55861984.57934472;33412080.707763918
276201013;50879080.363771684;29444353.982659664
276201014;183289616.44395164;92581414.70888183
276201015;261593478.5266169;204484353.49128485
276201016;145402185.2868643;107591771.62196356
276201017;508784568.2392566;254870189.4247712
276301001;239202765.4530427;232052370.85422027
276301002;165911380.99570084;105085345.06011277
276301003;13501776.36318044;12819603.059500074
276301004;138889784.8456788;87669384.17509423
276301005;272144570.4228994;162201580.41862893
276301006;183851523.592898;178150223.806048
276301007;294632760.84167784;220415838.4808361
276301008;306598056.61569685;180475021.6010448
276401001;110769294.58962564;56644339.74408286
276401002;92626972.0237106;88383227.78856793
276401003;19347659.377427567;10493015.584315097
276501001;251094455.0242799;237120001.84418187
276501002;106574749.86471653;75252339.75624058
276501003;349943519.38647854;177636320.75635758
276501004;177370816.4806538;159551527.80190995
276501005;73132630.87661852;46673951.76627046
276501006;384103504.3733286;203247458.98978502
276501007;149098276.21416366;131722167.22334093
276501008;416758014.00217545;249651075.68452868
276501009;112655166.18460065;89097306.97465241
276501010;116392692.92648363;63569483.64910477
276501011;12596838.580187213;8855529.31539375
276501012;267643922.88374397;138217967.10010117
276501013;185955180.4754336;182306057.93736768
276501014;293984299.1481292;214166962.84722826
276601001;347016343.09792393;218798917.7823085
276601002;130952004.91966537;92610885.53054087
276601003;103785211.83892979;60292465.01190671
276601004;231808259.61556745;168271888.69196808
276601005;274272898.9574467;265267141.4639552
276601006;299334555.85572267;198099591.8466671
276601007;391917423.4482367;230019265.0213909
276701001;79093720.6367489;47813801.2362878
276701002;4868912.780314189;2947819.7636642563
276701003;75645188.89392774;41110291.802758485
276701004;38994494.60614066;22786420.567010157
276701005;23614868.10358728;20674923.07709188
276701006;471464723.11046505;244634550.42294157
276801001;48152352.86184519;34348951.9084797
276801002;106003960.31264381;70225311.63155301
276801003;244818082.19981742;136442378.55909753
276901001;199423652.47742295;150198061.2107967
276901002;424898045.8620722;213133542.68224278
276901003;286243221.8931622;264717294.2301516
276901004;220597159.80700216;187844228.99299103
276901005;203195400.75535372;131078510.46396801
276901006;459600198.79967725;263547370.79748788
276901007;159387365.7091274;95174539.46578744
276901008;268939876.59173137;221900673.40695077
276901009;70550794.48327783;55025945.72895212
276901010;292069604.73324364;198281724.3973509
276901011;136871573.14877716;99144361.34942268
277001001;427050223.5013942;262124035.91299057
277001002;323415797.9474215;186127792.07309824
277001003;405261893.3263579;249085961.8189782
277001004;292677622.664662;224061607.97630772
277001005;147516440.82407472;97196235.76449516
277001006;91888241.41291429;51363121.97761728
277001007;371283814.8338273;225311972.95220488
277001008;349687043.69426835;276984789.209662
277001009;40323934.05668922;26021972.30429669
277001010;185696743.37792075;173131631.4004958
277001011;276851258.79388887;154377172.72022045
277001012;161004908.3269438;138465766.1065787
277001013;7519299.428763452;5169432.360288769
277101001;153980056.26386866;85098983.51187518
277101002;237204862.90852615;198093021.19858187
277101003;182697372.53060964;107158579.25808403
277101004;191945572.84417745;108187204.55871882
277101005;412213679.3742446;242794868.57501766
277101006;328577581.83676904;255296698.91759413
277101007;54856915.26351761;50113665.83915908
277101008;144721360.39167;110448267.33887523
277101009;239141807.72817856;178668594.6899559
277201001;70606402.30970968;42180395.51436996
277201002;63628662.97482791;61471830.39143898
277301001;119438575.58831102;59873745.7537093
277301002;411273599.31956154;232940276.07556129
277301003;343114185.7860253;211039690.99470368
277301004;32283778.71468966;23519579.394926004
277301005;405885475.2293663;237416542.9358494
277301006;34281477.54075428;19072293.943522822
277301007;199024334.20316485;147083707.60470983
277301008;223359319.22755972;206630560.23579243
277301009;287780754.7296556;223786372.67307195
277301010;403179535.42728454;211665991.70421702
277301011;194033428.17649752;121900922.45915948
277301012;1390372.3203231813;1323321.6023922618
277301013;196510609.17057294;100949638.44202119
277301014;272589750.6874341;258780783.52440664
277401001;243720899.82769245;193084869.7204919
277501001;310692705.1166872;241227852.76508173
277501002;203961585.17075297;191178070.66368744
277501003;391813812.70415586;227019092.83882287
277501004;162415452.0642887;94531512.71605429
277501005;79265438.44010514;49568705.40385987
277501006;253794867.68829647;201404147.63554856
277501007;213165413.98384708;114914627.54746182
277501008;219758228.08556786;129012717.38526405
278101001;92371525.19010869;65797838.55609661
278201001;132843898.37364532;102708163.61961183
278301001;71676738.4629388;65784023.641223356
278401001;406588468.030315;211076361.23976612
278501001;85162933.95424637;52324003.50518279
278601001;107015738.87529069;70301550.69986439
278601002;75335008.95498784;72202283.2353887
278701001;70394639.39622647;68577041.56311126
278701002;23595565.406002793;17586041.575833052
278701003;90735911.16444987;59294917.75379121
278701004;55067340.57599053;29970573.473804478
278701005;258887440.02833617;162636897.09431905
278801001;137010344.23611903;74006854.91883808
278901001;236463266.35331964;179196036.59886584
279001001;330150094.0221981;222993454.87034848
279101001;124013576.46724996;116125629.69330339
279101002;305105375.9096745;190297683.6981427
279201001;45829866.919398345;35014548.64088549
279301001;219220927.45642957;203487474.32643354
279301002;241307560.33662108;123988668.5591849
282101001;453505113.92233276;232313407.70859426
282101002;454253737.93748975;230735706.2955243
282201001;151377791.3840583;76481473.60767084
282301001;110104702.82647407;73129564.29493372
282301002;171486201.2160249;89299916.83460249
282301003;91690364.12664567;60323030.37398277
282301004;325408720.1232478;219826409.09889328
282401001;56209982.61412007;51539765.04931887
282401002;65641391.20619358;63830032.25728141
282401003;408856253.34235597;262625691.0647815
282401004;267351201.333319;209604611.85060894
282401005;214193751.7853974;165872976.40297475
282401006;458207932.1720323;255200628.0392385
282501001;199680614.0587599;111773552.29204592
282501002;285862926.71197665;184431279.6884396
282501003;27323358.550727557;23830615.705440786
282601001;43173302.87213539;21936060.918395273
282701001;265810924.53862807;148867434.37127388
282801001;140857577.3789163;120662573.1046435
282801002;380931770.15130997;231427225.4475439
282801003;288017985.84129685;254920637.98211792
282801004;185636217.45771557;102706655.13324964
282901001;90675850.4478333;50733410.04426137
282901002;313863404.46618813;167833395.2262595
282901003;144084034.9364692;120773490.74159576
282901004;415250242.7197841;227524060.0137355
282901005;296067508.07555777;161765715.07300094
282901006;70394897.74388342;68828702.43558767
282901007;338800702.1165197;244353210.03741768
282901008;123249615.10743278;120515452.2472902
282901009;195861264.2651925;100217356.12190022
282901010;103083256.85685353;85720092.48478337
282901011;387603223.33651495;220199248.0110282
282901012;273099699.45795906;194944234.8944135
282901013;295303121.09007436;200504385.61941546
282901014;475090098.04992;266747800.17804894
282901015;325416714.2196536;219443774.42183632
282901016;451351423.3724474;259055019.6228666
283001001;420308218.3768005;245287657.078263
283101001;66614017.08449018;62619590.37125682
283101002;436848715.875029;280551449.9328362
283101003;531143204.46534526;270435799.53031665
283101004;45007925.59422853;27071220.6461013
283101005;163674052.60079408;142765946.9027135
283101006;176710582.56496486;90897273.6648471
283101007;83778620.0428932;55600433.717895746
283101008;99750597.20176719;91406124.60263598
283101009;159865976.79525927;117765634.57435104
283101010;401100986.1262493;226096627.92171547
283101011;30601178.68304824;21606850.11734372
283101012;268963262.4901234;245928224.78688553
283101013;312812406.2253888;220660457.13270023
283101014;43243204.747252956;33951718.69534259
283103015;137155639.33344612;103538796.93482377
283201001;487068579.03812456;249104156.25118247
283301001;61691072.64583331;47340726.40764427
283401001;292306725.26036483;214606201.3177261
284101001;395329527.9855419;256237442.1611283
284201001;55066293.13015795;33894256.04792892
284301001;271346552.00960726;150584169.31816062
284401001;582457.1929462878;578628.8295744136
284501001;284098041.7901884;213738606.46459034
284601001;379480322.37385064;209225915.3502242
284601002;163632448.9094199;153813826.64827695
284601003;374981395.1475796;238424202.40339595
284601004;33243975.694057498;24688709.715851568
284601005;171969948.81288853;150491947.4694868
284701001;246445001.66259795;132669568.81182183
284801001;418726410.6310355;249433770.96389687
284901001;45096046.53260251;22690719.06609921
284901002;172881019.3440173;121125338.45629708
285001001;231516836.2437922;170864672.11752683
285101001;216808308.7465503;163358746.79314342
285201001;48186266.1242352;30388844.05939573
285301001;72916478.59654014;62667868.75806218
285401001;10866223.330897635;8828952.124103159
285501001;160515988.94304886;116339145.60605845
285601001;93881879.51177062;78720009.18320008
285601002;89615034.76385431;46624889.10519158
285701001;45879214.761234105;42547258.773343615
285801001;381530094.3972759;266050362.26036453
285901001;146306328.56240922;93108793.51256654
286001001;82050886.52544264;53379458.6626384
286101001;358357447.7553921;245145590.48422745
286101002;121153564.91622853;73606850.68811303
286101003;68327354.97521782;61484905.85288472
286101004;111509860.39809014;73670477.3419795
286101005;180165060.61515915;142006409.04701844
286101006;222630095.64181575;151356333.29176226
286201001;338440655.4140325;277972183.3859986
286301001;468839114.4516182;268669931.0874156
286401001;117353710.84477264;98603383.17115717
286501001;232697325.17406383;163950312.7708104
286601001;187006876.18513384;107189710.56479909
286701001;86845231.52778415;51840741.566133626
286801001;112923641.91895548;60988615.08204394
286901001;31029431.49106471;21294263.328994393
288101001;136548171.4331839;115358851.51851125
288201001;338843808.1576552;200478404.8914475
288301001;9862462.51786071;6789913.61934874
288401001;350177995.37883085;204070348.423249
288501001;69157941.03650057;67030407.38109529
288601001;82559720.78382486;71979694.86190502
288601002;160101260.79255697;126876101.41839975
288701001;230731438.4984437;139477418.243942
288801001;226612684.16811955;180324508.0969223
288901001;331704991.2852233;254868523.2129864
289001001;308612119.65735924;284685197.1121002
289101001;306544817.70575076;198438117.12727666
289101002;256737934.1673007;131080062.8310491
289201001;258116840.5182757;230088963.77692
289201002;417220547.5991501;265931015.4312243
289301001;124445763.44478497;120935271.76979195
289401001;71671260.26785131;51279809.17099974
289501001;360706353.51975054;242688584.20542973
290101001;126866665.16402565;96744408.31688769
290301001;46988296.35602201;26007218.245192967
290401001;319026914.079019;280822708.0862313
290401002;245320864.5045847;211238647.6401687
291401001;22336509.187104993;20339385.080838338
291501001;339686617.8379197;206123737.39587143
291701001;194257073.2846707;101871088.46791776
291901001;136251666.2941303;125289334.30682293
292001001;263038015.23331743;151988479.78146762
292001002;206898432.09245268;155263074.00362927
292001003;439692025.2283811;270309997.48888034
292001004;190181912.1681443;143331691.60063627
292001005;129704116.96127601;103181102.62760904
292001006;405369175.42616147;226048919.8969341
292001007;356920515.5170806;244822977.7160161
292001008;355384574.4982966;187411133.04712185
292001009;122779442.70240802;96670695.8122923
293101001;180680921.4400061;95311671.1743854
293201001;57810751.44087328;40767864.901461825
293201002;176470473.43480676;138714489.56840152
293201003;198368967.3802151;113886340.00837202
293201004;337470710.4498753;271314040.0480279
293201005;34464676.61186912;21236878.792953655
293301001;234541531.9029172;136640932.0509105
293601001;465014811.86263263;271072563.5159585
293701001;69072564.00804615;47713490.59487456
293701002;201262046.96806222;135174375.43507686
293701003;371272403.67326015;214833425.63084078
293701004;63006903.587494634;32502203.367333554
293701005;181652689.30820233;108676565.67655791
293701006;142100735.82761046;117515592.67952591
293701007;284690140.47200346;253705207.2609257
293701008;15880463.75103228;13808349.880499577
293701009;313840418.5849487;205625657.92721385
293801001;210093101.17236677;109619349.10464984
293901001;15917601.067987192;8176413.061291309
293901002;299870171.8358608;259638946.87488598
293901003;58933698.02976721;49004377.7112096
293901004;148062310.69670025;81196053.43740815
293901005;42998305.083320625;41122151.1135
293901006;185585818.71774516;135960428.9350068
293901007;262812400.78518456;156768547.3305308
293901008;444448482.89342993;230152027.7138995
293901009;435600438.15715444;286505838.50824267
293901010;156479571.22526175;110273480.61188145
293901011;309007251.3573244;286143993.5642999
293901012;336867132.81352466;258389359.92948368
293901013;265227513.5830066;257124647.91534626
293901014;161944420.9740889;152251653.08136424
293901015;250662646.1864844;187639505.24805787
293901016;334384184.5280975;254278501.41643372
293901017;393908205.9541876;274320542.3003309
293901018;13241992.569774624;9435419.04053761
293901019;183390111.2105254;119155559.7337606
293901020;138526811.32995266;125062392.6109294
293901021;136538158.6256266;103655769.14681104
293901022;236710282.90665078;147320005.84972143
293901023;36047100.20747435;30215479.19956814
293901024;308092164.4977025;225036832.89035618
293901025;186567731.1298301;154796795.46570972
293901026;142800825.116727;125586282.4421372
293901027;507893739.8845071;285643191.80168355
293901028;320802887.5373088;176135605.0848007
293901029;94620988.5662236;60392608.16767624
293901030;259385668.9940544;229418989.21995464
293901031;189981366.66916546;115625434.59954298
295101001;214543763.90527663;166385189.41614628
295201001;437178051.8837417;268292540.21548975
295201002;228008503.41512;158556434.45738965
295301001;2839644.3977874876;1953454.1803781642
296101001;101826790.85610142;60086463.838493004
296201001;432868339.0847995;278195153.91797423
296301001;388531182.4607128;204639465.12955996
296401001;256081461.72175604;130773939.89829746
296401002;189206334.82494253;172925486.3984737
296401003;101662625.01781897;63659906.57832866
296401004;326553054.0570306;256489111.0810915
297101001;13563612.260209551;9295367.773229124
297101002;137094783.63905782;95038811.32264444
297201001;266898424.83651382;265931428.1105719
297301001;328599600.238812;212731895.3487137
297401001;289113280.32334507;171000291.51204062
297401002;7185186.229433308;6529139.118000102
300101001;276453687.8180374;184687971.66104254
300101002;495576381.6422909;288637238.06328356
300101003;245734072.91928047;171269622.0088972
300101004;265516581.5436757;261730201.23783013
300101005;104427399.3333129;100783143.02548344
300101006;21927460.328992445;17554815.078056753
300101007;316967722.26060903;165328414.9701819
300101008;28741822.689213824;23781969.27964643
300101009;28091207.294534028;14498967.040657947
300101010;40641085.30216804;24795974.324308027
300101011;107911505.4560336;54821749.38291461
300101012;306330126.01256394;200491588.89933652
300101013;30504043.86056245;17118538.04716416
300201001;95249170.3995251;51801913.73851396
300301001;159174407.16450512;104712934.13130887
300401001;206181747.34034097;136108167.4116016
300501001;280777966.0816055;272359005.59761125
300601001;23179200.10494295;14281450.690877307
300601002;392611817.1994021;286919263.2186624
300701001;76955877.58598681;54157371.20864599
302101001;296410132.70402646;283734442.17774487
302201001;26330038.61035885;20962771.34024959
302201002;58962661.31010659;39010728.175523676
302201003;262694733.60130915;165861133.35734087
302301001;2927464.588268576;1928102.6172225622
302301002;71683581.1820208;55992494.96998306
302301003;370504657.6950186;217180762.46967092
302401001;59285144.083363235;36303660.19104068
302401002;24262808.741133153;17034818.101831313
302401003;247002042.6930539;130599848.84815761
302401004;195814136.493263;112363883.66303281
302401005;72708091.95476295;43671021.82204333
302401006;172350199.2760755;129661432.03732873
302501001;205787617.86859787;165070806.5720169
302501002;299779986.36334795;286026492.4653476
303101001;255153106.43648845;147959724.5975687
303201001;74554925.91115524;41563787.97601492
303201002;96992293.069671;75778479.2876651
303201003;382575784.16511774;280454641.5680404
303201004;380081602.15979505;216156961.92253804
303301001;20443088.14217148;16625406.57553497
303401001;84126314.20309523;77775668.40551588
303501001;170131694.35746214;88154512.9251731
303601001;87604551.07730958;80023887.40902863
303701001;222015711.82835326;177738991.7344458
303701002;359122262.28550154;192346295.4789529
303801001;143153084.7210163;126788037.66693692
303801002;274947197.5509181;205624365.7959405
310101001;1044676.9116825609;749421.3038597828
310101002;6847778.159866847;5296420.557310188
310101003;2743761.31779395;1809903.305464039
310101004;121116215.78178072;73348787.66467008
310101005;284687109.2613326;194393345.51815873
310101006;138323231.2966206;75690920.9697626
310201001;124105872.61771517;76718160.76336718
310301001;338104931.4595993;232328652.6523139
310301002;225798495.72395077;140267153.66134995
310401001;411816824.42476916;208802857.94260633
310501001;355918026.10138965;223203638.86199087
310501002;396970943.09063333;227355235.3008891
311101001;393726605.2027653;229264987.96427727
320101001;42227930.23105748;27244819.0398394
320201001;334385842.77630347;311307971.3758726
320301001;123846030.62675677;71436658.50760616
320301002;33490926.638681047;26378980.44001051
320301003;409821870.89997065;265859973.7888647
320301004;393593749.50780034;224671664.12608585
320301005;136012650.04185835;126627034.30084099
320301006;289175093.1911189;173517774.04291853
320301007;214357374.8332317;193338999.84763205
320301008;429067953.8132628;234518474.36234623
320301009;194172161.35532767;148435071.06276882
320301010;197057441.886148;142963555.83890152
320301011;476283714.7283613;297122919.1900441
320301012;41631495.46199597;24719375.64152515
320301013;291177522.07623845;279233690.90451455
320301014;200232231.15066049;139252722.48767352
320301015;237028987.37436113;124571072.27715535
320301016;301234694.86835736;231394993.82763985
320301017;168430454.25253052;96313984.8231655
320301018;391766875.64459693;259530574.2821632
320301019;257935436.00484022;199122377.54927185
320301020;338318889.37241864;298622187.57662046
320301021;61143831.14439042;37179876.87751448
320301022;13232919.497790512;9016369.70044401
320301023;400555931.8909357;292990144.0977564
320301024;333567208.8587206;307676018.2603609
320301025;408376845.6020286;279467089.6795838
320301026;412070609.8955446;215421832.53632936
320301027;126356489.51606752;69371377.83423989
320301028;52096804.148973696;41141589.620145485
320301029;347777281.81672174;239019543.90142184
320301030;403097821.75351727;296554490.17032325
320301031;191112806.28742865;119468564.01885588
320301032;228381896.12717295;164077523.54778892
320301033;76767771.63589172;44990421.59859284
320301034;181959126.12892333;142609203.81934547
320301035;132043195.68677999;106554375.85768603
320301036;296136611.3359898;229558781.50258893
320301037;27032924.333922353;16846909.302538004
320301038;262190789.12899065;183739068.14145768
320301039;332148775.36233044;255567542.20734102
320301040;360498935.72577393;293565284.23188907
320301041;183069723.96526995;118866988.22034937
320301042;354248410.74575293;221392465.99565467
320301043;31579713.14381379;16424767.590610368
320301044;186303533.21557802;110837597.28720719
320301045;226217845.40372828;128528898.21438366
320301046;133849202.84511499;128090697.74062973
320301047;45829773.32221156;23008397.17242106
320301048;191914662.73301712;113654657.05149077
320301049;374185507.45363814;189622137.51485783
320301050;313584605.74565405;249849773.20761898
320301051;423673578.10212624;284775319.4920754
320301052;501698221.06995124;257105371.701398
320301053;299968951.93449736;288307895.2451174
320301054;423066998.7161806;246170936.6802096
320301055;173007355.59121177;148501609.76228905
320301056;226593487.02572638;208815641.2833868
320301057;32648391.923878744;20523072.792890113
320301058;128690956.56883588;100741603.54970443
320301059;11821340.542033205;7791789.820475233
320301060;88612664.14617167;49561264.764517106
320301061;284311890.9442063;222243174.24436498
320301062;455026139.00378585;232980240.49557692
320301063;411783401.1544215;275219401.304607
320301064;364156133.40669304;295191768.0770662
320301065;121779649.30147967;73995577.79253606
320301066;124288576.46812384;103128284.71102221
320301067;306344293.4964605;222153558.38904753
320302068;364814899.7142703;226490859.89216354
320401001;150924742.65195426;121796808.35017857
320401002;308821920.9090264;271937273.3811969
320401003;586854475.0204433;314245007.62493414
320401004;435212000.99266505;274755211.6427518
320401005;116352225.42489977;73529833.98695856
320401006;204975992.45729643;116192803.4436286
321101001;170159214.83756635;164177387.40438923
321201001;13853605.1557034;10465459.206123656
321301001;55323356.57350925;44102024.295860626
321301002;361780743.9645974;303650551.36458594
321301003;241720032.20793816;201814622.19309717
321301004;50048384.091600895;33903070.02856113
321301005;343566502.59859693;202819323.93296432
321301006;97044423.52061044;56203213.88385693
321301007;291344415.90786135;176471899.7691357
321401001;176951265.66079223;150878714.11971077
321401002;384127051.1111935;277616663.3776677
321501001;331784952.0594197;244764608.30637655
321501002;333297706.2569638;207706178.19684085
321501003;147549251.02433255;111864194.15243162
321501004;297944857.6489978;152801600.81054386
321501005;274778893.1186362;253827965.08068472
321501006;308094007.4012642;202506039.28385285
321501007;335262923.8069802;197157216.2693861
321601001;31061751.514377035;17951569.820053447
321601002;405382178.365814;299660704.9161525
321601003;29923985.95710507;22375924.306647003
321601004;552208976.2010967;287696752.6677307
321601005;353267742.41610193;224044061.61039257
321701001;192630191.59577093;162059566.1251827
321701002;62572987.93234286;61886389.46355074
321801001;496760475.12395215;279147148.80294853
321801002;458159046.14393747;300080078.68260294
321901001;402341484.2884921;265875833.30993766
323101001;215978855.5523533;134682233.12252122
323101002;362651370.83092505;196323509.70282352
323101003;84969041.90400791;56150333.95671677
323101004;13550404.207828974;12313303.655318854
323101005;244931766.21526685;186611166.58358845
323101006;36563318.13342768;35306151.96863256
323101007;311816582.62515664;268223723.9099195
323101008;135487577.97528806;106463800.76630956
323201001;294282391.1840968;202822970.6579164
323201002;105239309.97112386;61089262.40496934
323201003;311750092.3227688;266056023.81440794
323201004;354923172.7749017;242336186.28403983
323301001;150851428.91814274;118217230.32871374
323301002;258728366.0231832;253382156.92700335
323301003;45632646.34508003;27586411.29599868
323401001;377389346.2795214;257047068.2215457
323401002;44646284.75694343;31192855.871053778
323401003;149663608.89745355;149599096.73769677
323401004;24155073.418553784;23434315.92068718
323501001;75706923.13896918;58631158.01639539
323501002;186856349.10695025;135373017.97829175
323601001;531409174.5800714;286837505.9889156
323601002;201826380.29367557;122298098.03396066
323601003;514254999.1862593;316051673.17818445
323601004;233279071.15566868;215982981.1126825
323601005;107969404.70724015;61279721.212997556
323602006;329086732.7160111;183601817.85890135
323701001;4676435.946517261;4043615.3286366197
323701002;99825543.59253746;79649205.0200722
323701003;270701545.5862459;221303570.30390728
323701004;255473901.04361415;219494309.70975938
323701005;392863383.2935982;250858398.08178315
323701006;209674906.29506162;207147927.11783922
323801001;162623405.28738147;153487162.51233023
323801002;192321248.51536265;190860406.7221103
323801003;160693803.66571775;112386547.18015178
323801004;184706206.6029098;100422950.75904734
323801005;356934187.3938422;222105378.20853105
323801006;47366377.920268975;43010224.06432724
323801007;364060897.6655135;191651746.78676572
325101001;484515456.73755014;289967149.05619895
325101002;135200605.6027178;120852893.29100263
325101003;27562507.73136818;15345879.251583451
325101004;87915910.70402247;46792792.248091765
325101005;253686800.16993877;151043188.4061227
325101006;12131354.26879125;8609313.126222381
325101007;112915633.9468939;95257158.10335764
325101008;531882651.44541764;300453913.8421812
325101009;529902327.09602;277319316.2966542
325201001;243308094.45923147;202790058.17605445
325301001;69370612.12490332;38268942.1423271
325301002;287530304.5583074;276039027.6347275
325401001;172869329.16566858;96413976.97181329
325401002;492985917.9497983;268774885.1658253
325401003;362263553.0019775;275673519.156412
325401004;373246443.1193254;229911738.786666
325401005;343252432.2828143;270296220.57356656
325401006;271821305.0739448;164866270.9774663
325401007;127900822.60328685;116246140.27121109
325401008;525589818.3776533;266146301.74824327
325501001;146167970.59317803;90771944.49341924
325501002;91728468.10035685;53193165.99077049
325501003;223684340.59053326;122378862.52535461
325601001;221678019.53669006;177902984.05170298
325601002;408088473.3994173;283570476.02814573
327101001;498878477.18518203;300141961.8076656
327101002;8243998.204267848;6341036.924954376
327101003;312817993.3407203;233544836.40083334
327101004;215000699.8101121;180303042.2836487
327101005;346861948.75902313;244916429.70726594
327101006;140902606.73109242;73878818.90132488
327101007;74103749.4659509;68622786.44986594
327101008;411861936.0932852;233812122.99526063
327101009;2766070.866212506;1414118.5441150996
327101010;28887069.454033036;23713673.217975475
327101011;241778603.46655005;145353795.52744946
327201001;60887871.01480497;33627758.843793675
327201002;78411464.0179312;41181885.6511349
327301001;21343569.058802288;12021782.20208039
327301002;135090069.46391153;82669482.71660927
327301003;41694400.668641016;27509584.11141851
327301004;375333603.3269584;198104409.3877916
327301005;34554574.89318299;26561451.175177313
327301006;340396956.4601179;195177681.20025945
327401001;155723182.1649287;152705792.9569727
327401002;323339814.42255646;266913408.57661954
327401003;135467688.98562697;121182015.0339599
327401004;50408962.84462629;43823556.87364844
327401005;317837612.40333563;161024274.29000002
327401006;43186594.062696576;22806502.532806404
327501001;31507235.866206642;20470934.670988303
327501002;441325187.7429732;267243535.80954465
327501003;123916898.20112401;99683843.66169159
327601001;337271926.50858545;212713741.02064332
327601002;137276789.85079786;103456838.0376173
327601003;647432568.8013505;327362411.53544426
327601004;156592772.45684138;151856241.8479256
329101001;15635215.59830393;9425171.334901007
329101002;316304749.59331644;281601341.01704043
329101003;358454105.26669174;258409221.00315773
329101004;5074791.322008453;2702897.264209764
329101005;131169384.22194041;81985907.16229893
329201001;111505857.40284082;73284012.41986524
329201002;460915467.19933915;258973673.4887003
329201003;290823271.3007842;287106134.06512433
329201004;170764549.8647506;162731195.14583525
329201005;217007938.26085788;138439201.80148998
329301001;563963035.3182267;289591117.4598406
329301002;196085250.6726484;161967091.1822134
329301003;590083009.9189488;303672559.51279044
329301004;263707219.1830997;180660997.19275764
329301005;224131019.04424307;203769923.8662709
329301006;248436091.08832866;157728367.55995372
329301007;183607789.6549683;121985749.22590034
329401001;370569185.78907955;299566265.54607654
329401002;213011390.98370048;116857957.6626836
329501001;306606546.86215043;233861434.965157
329501002;97820586.52787374;57057379.9903941
329501003;266910748.68786943;145387571.89395767
329601001;332164771.0308305;168033734.64583492
329601002;345574692.1406782;211804133.45062077
329601003;383176069.08092827;217162817.59302303
329601004;14678003.015432365;9971923.055181803
329601005;122560521.74555837;78184048.07010427
329701001;157503700.38306338;157017456.85617495
329701002;194225031.73245397;98731829.64694254
329701003;95801521.99814911;65981231.48328601
329801001;153230012.38893273;89730887.30726014
329801002;306589246.38684666;154007278.77087748
329801003;442732984.27272654;323704403.23108137
329801004;271065645.98948985;150281198.51876143
331101001;54958394.54910351;28066121.00403209
331201001;95079056.09155852;62647746.329601705
331201002;212951045.7991104;168648998.7384392
331301001;357077936.37342715;210901039.08528304
331301002;39775486.44146049;26722254.60721634
331301003;48527506.55688819;28984593.26132342
331301004;117499519.85859403;114107805.58173159
331501001;326296324.21376514;318737844.0130008
331501002;384415951.9843736;328255859.9596226
331501003;48883725.97921567;46727006.39336696
331601001;20938580.162205424;18258151.88866353
333801001;228622471.8871291;164379851.2338028
333801002;109431403.53002138;86994704.84642829
333801003;390368934.17286134;229583806.4952994
333901001;86600551.6728386;55579056.53432982
333901002;199450526.52244848;163635938.4126003
333901003;57613916.16447368;41575551.42276349
333901004;339480627.6900087;320969449.6279887
333901005;157690513.11654255;98475032.83060074
333901006;354946956.0837857;204197993.72104034
333901007;147021134.06349686;104785187.3986385
334001001;4572035.606257283;2316789.0650392342
334001002;129503910.91335422;86847491.18034618
334001003;311592479.9786431;167881355.69486418
334001004;396150196.481404;263177734.9563807
334001005;75971729.52917925;74239888.3600247
334001006;171355094.83477667;139211228.708712
334001007;218012579.0821849;184251353.76982853
334001008;346597315.1808787;235958792.60108176
334001009;110933790.61821957;58297712.50439058
334001010;355283774.56377643;252286983.58412737
334001011;140294125.00074124;119279537.90660809
334001012;18381863.861712508;13024913.73116526
334001013;238807537.23186803;223383772.6923734
334001014;228130117.56152537;117275697.68583825
334001015;524645409.3606172;310711458.45119643
334001016;218089277.50761387;165572365.87948087
334001017;73885587.57690969;66956768.21324684
334001018;249400209.63537064;192707077.9774538
334001019;214629174.93096554;124332877.82559782
334001020;306012772.17348427;264888524.77767017
334001021;122259304.04122563;112756488.4239967
334001022;23934852.685939442;17677428.479270015
334001023;382400419.4833192;267164574.58543718
334001024;107850528.80019407;61772684.48919553
334101001;614592029.5482844;328183621.29783356
334101002;332820452.39130473;195984588.08280644
334101003;474614971.2296127;292048777.6951805
334101004;239073905.3300341;167316058.0209837
334201001;312328918.4769496;200350587.6097514
334201002;164017782.35083154;99711361.18596096
334201003;6177307.320474197;4115154.4055104046
334201004;101750087.04362552;74633189.74210954
334201005;258416037.48918927;195721361.39200485
334201006;531459344.4283699;312223678.0606914
334201007;127596120.02540231;72596458.98947035
334201008;180658375.5952317;155281984.12488538
335201001;122371709.84097958;88988831.06259663
335201002;478308331.0363912;292378986.86256397
335201003;481517364.5494363;288445159.42614126
335201004;304963287.10290575;233984583.65532833
335901001;193967749.0122636;181989506.21605188
335901002;136652021.85581672;84043613.40211341
335901003;341138398.1224385;230979935.6505837
336001001;305551513.9605696;155148931.0078911
336001002;140145093.50934225;134465379.83011132
336001003;12052105.959798133;7973277.703917131
337201001;423829849.4273966;216479330.3109049
337401001;237392274.99918485;168509801.68655348
337401002;634630704.0269768;319112733.19993746
337501001;113870664.99828553;102787980.09201258
337801001;282937791.1115533;151690917.96065736
337801002;185998432.858168;179565553.83672422
337801003;179166855.55510026;141779381.90319005
337801004;180510098.06678885;168301588.25974655
337901001;319075697.28037727;240989462.45860595
337901002;269442775.3403409;195131382.549753
337901003;360279939.27917993;188695726.4979962
337901004;254142781.29191843;150854387.47093877
337901005;172710261.0920425;113649775.07482713
337901006;538455580.3335775;323822383.88415986
337901007;405862213.89624685;300098441.56957066
337901008;467274247.6604022;235016266.9827226
339201001;123971453.15257135;84054705.72352351
339201002;282292608.54729646;256960788.62292156
339201003;57047351.317692555;40133901.184809774
339201004;187455310.90201974;120371922.73057418
339201005;250564879.45455164;215615228.75711095
339201006;80881117.31727037;62092761.61963036
339201007;399368864.00118357;202827994.1853826
339201008;498716199.61539286;321449269.81232274
339301001;143662634.32102466;128388034.72176988
339401001;450432773.6777846;241092183.78477076
339401002;73265662.14578229;48316438.16578951
339401003;360601545.10416496;201043521.90300867
339501001;582442348.8546735;331754293.62135196
339501002;104922790.79330847;90798646.7471725
339501003;418427123.38937205;300818333.39571863
339501004;368128651.6964538;231054852.91426468
339501005;199643659.67666304;181328416.62357485
340101001;7247500.854164859;6044787.916149988
340101002;30322891.963504877;15229499.230472095
340101003;341704388.61539274;308561914.3212008
340101004;155244831.33816057;91659596.87571041
340201001;181478653.93328908;179982701.66413277
340201002;244152442.344236;206521409.00898167
340201003;400855901.7736201;237905557.7697808
340201004;68882579.5396036;59643350.98366133
340201005;199211972.77582455;100852879.29707645
340201006;251978524.52249175;186470416.7754469
340201007;98319609.87922119;61984024.78469399
340201008;350089705.6205438;303739540.53153026
340501001;212330042.32403088;171148383.71573713
340501002;207459789.9599721;179003645.2230447
340501003;209469195.43670726;136177398.1811112
340701001;299360341.208202;250558951.3038601
340701002;399364272.8043718;244612997.7071778
340701003;346954955.32823;191078031.24764854
340701004;468557773.5373932;301815056.4916304
340701005;243070370.9536709;223996841.46510544
340801001;170054141.44650805;167196195.71535748
340801002;194141485.46314234;114081935.26854098
340801003;497415158.8734657;252704490.6318709
340801004;234668561.0427514;186449921.91951635
340801005;426973845.44013166;256198686.22814524
340801006;154512833.4301956;84009419.6854366
340801007;303081168.40933394;193484538.77951533
340801008;363771172.9976437;267441932.34759748
340801009;64232423.179528736;58681476.323311865
340801010;569939578.6926098;315443399.4233351
340801011;255909433.5664459;139264995.9302792
342201001;87857835.32840984;74984846.99371782
342301001;359078353.2235644;260542490.6568918
342301002;64245161.68727623;35189268.84794619
342301003;62693731.66024839;57683874.53409266
342401001;320721008.80376583;218590021.95370853
342401002;195758682.55461925;101904929.34614912
342401003;260313197.11563063;201827573.93439075
342601001;27050718.184913334;13594223.994377516
342601002;131069160.08348715;90180383.68170686
342601003;153974049.99772665;117377690.97718261
342601004;41027978.553097054;24521288.730045777
342701001;118618547.42580703;86230428.02420326
342701002;249154306.40751618;230624355.57717216
342701003;391191120.2913229;233539439.93772238
342701004;288047439.63793343;261373647.3616959
342701005;284930933.5049507;258231410.75782296
342701006;14423930.711582625;7630437.14630474
342701007;337973181.45857805;251264650.96426615
342701008;302278759.77855533;261087499.31078044
342701009;263584743.841709;242916367.3087343
342701010;53693228.632390924;39531164.48907114
342701011;83014784.39150584;77571781.27361795
342701012;150426739.53831258;149739869.8493841
342701013;118374428.76715486;82295281.3511859
342701014;175718517.50151882;120619271.628824
342701015;60081735.87733951;43338853.544962786
342701016;104613261.19290423;69631286.2483919
342701017;485547838.97156084;281964981.6469486
342701018;102936047.59551448;53655217.50272844
342701019;111305954.18932323;103666286.66833733
342701020;245191907.65756577;145094258.57151777
342701021;270479703.90226555;177572369.61829293
342701022;241646632.8343616;240393906.3690742
342701023;633700339.2114513;335585596.39116466
342701024;21576819.16260793;16816751.095404733
342701025;39967046.75109666;30204174.289396364
342701026;240204661.37443253;203305004.14871198
344101001;439319475.1329838;306860829.7797236
344201001;378234935.2727589;323552626.65179384
344201002;321370344.1259962;255351664.64681745
344201003;231786686.21196166;222094673.73484555
344201004;196037017.72315037;175950629.1813752
344201005;83849929.11927415;57531061.75913273
344203006;333389083.3250135;316293347.27156454
344301001;22772902.88971569;19091364.36813689
344301002;82163068.8015049;41405883.102227785
344301003;337231735.78540415;232427271.51347876
344301004;241102025.67048064;165401144.10288167
344301005;171385505.56172398;126777416.03135546
344301006;339435868.301622;257321160.4341672
344301007;53456421.26058938;36543921.486341245
344301008;36636833.96289276;34030740.782259695
344301009;413603800.60690457;229828093.0387072
344301010;480436428.8663164;301237984.7684053
344301011;384340668.2774188;309935984.9867941
344301012;480696332.2763031;285409582.42522556
344301013;64528861.57932286;35227500.221448734
344301014;320613974.7910939;290289935.23448277
344301015;189489212.81695306;154262609.7473828
344401001;278317515.99516755;261083834.05157104
344401002;335443413.3154479;182905298.58751246
344401003;407720137.99057955;313278193.7644399
350301001;352988186.14646333;188736537.9999991
350601001;101095776.34456548;86291093.81482552
350601002;270179822.90698266;146076689.47279513
350601003;200092285.48999947;166888268.90857604
351301001;301127541.90350574;189193118.15816933
351401001;201722028.53066275;117403717.15822865
352101001;663757184.8369367;335498577.0603036
352201001;324399200.2973638;243649143.60858685
353101001;157890354.56139708;88444250.73520693
353201001;121758063.98634078;74810246.04480682
353301001;104782114.80738929;102698643.5653665
353401001;106227515.35576122;61782527.80513885
353601001;177072542.94024646;90289714.35522185
353801001;124407586.25161394;75499623.22471923
353901001;486453884.61745316;341834441.63331556
354001001;51747342.879771836;35660386.53132146
354101001;114712471.39972523;80291322.37684773
354201001;26678616.57016347;26157263.668362897
354201002;166018222.9138023;118417008.67045164
354201003;133040592.58624819;73783836.51832832
354201004;225136207.15398136;126044495.55182005
354201005;478652167.37588;339175756.80795044
354201006;199837265.15087163;119072166.66320974
354201007;179641134.45577925;169575790.4921791
355101001;698309497.1634531;351663313.3189127
356101001;143812849.44587713;121742075.74725325
356101002;496779628.40528905;281520271.9459555
356101003;86533718.77274084;53816214.97615328
357201001;324338203.10915935;232974075.88307518
357501001;47408574.97429245;33923017.946639754
358101001;380010529.4941052;212575553.4099767
358201001;381748158.34878814;318485605.040692
360301001;309068670.3075851;308245522.47330195
360301002;81842013.9037126;44062793.926610805
361101001;344758381.34373313;245364217.5708312
361201001;355392504.790999;237148265.43572322
361601001;295966622.8646139;254620710.31193233
361701001;95953105.54777081;74078720.48741232
361701002;324701254.5544063;288811007.0376886
361801001;306857531.9762251;199710334.19393927
361801002;539214969.3685037;289701306.2848667
361801003;101518612.24224143;83184601.68521686
361801004;90469672.0719921;47264673.59828057
361801005;194020639.96127132;134042323.21300702
361801006;480688517.0693308;323786568.58395934
361801007;197828834.66576624;144323688.00983477
361801008;492233431.3860234;295666145.7477313
361801009;258018615.31144503;161654556.3817462
361801010;335718013.11555904;174233112.88800484
361801011;138008754.14488116;91143729.84845112
361901001;170809677.37433904;150211992.08230704
361901002;513720380.38727444;352368096.4475782
361901003;106230142.9404837;77351070.22237042
361901004;301805570.5508646;221364394.5533287
361901005;596846830.7461959;336778651.2849648
361901006;209731152.17623317;142482149.497357
361901007;108661925.98973127;93843081.03561452
361901008;176554867.82358882;157585651.6921356
361901009;107395540.52843978;56762631.66702131
361901010;252061550.93262333;156215985.548834
361901011;124656261.06845114;107597738.62690176
361901012;413812235.37622917;216166876.37629846
361901013;507860385.7611582;308179600.3329724
361901014;38465106.4460412;21455460.640268605
361901015;462450057.4653478;277550406.5138643
363301001;321926536.7282246;236562557.55723825
363701001;149374954.96662343;92989454.45289828
363801001;228537769.45026314;200689032.08671078
364001001;79433209.03867576;78498726.31719765
366101001;149077677.5627805;116948555.68994342
366101002;471262751.47482574;276231665.5938018
366101003;331278618.7769195;205694101.36068237
366101004;133202723.17283416;88296637.76185262
366101005;408250788.74947155;235222802.31308243
366201001;309846707.1428714;255549496.6598379
366301001;329095651.7851611;223802374.9220584
366801001;50894103.01052214;30840405.232727304
366801002;428681722.8455322;230569335.45460656
366901001;96313205.28355639;73618558.25092417
367001001;313426321.49197537;180019677.72601742
367201001;292277500.6036488;257876831.05167994
367201002;345088099.79387504;321555740.4464328
367201003;482043410.4997589;314678359.34500813
367201004;372755434.72320217;325268163.206083
367301001;522665248.3748752;270087741.0208934
367301002;227661659.5771834;222173174.7997814
367301003;164295910.05715832;105325230.85023671
367301004;380000181.93121624;355581190.7952444
367301005;54516382.26930972;36733720.149553165
367301006;293885549.5622724;166779368.47191715
367301007;299237666.714401;255034137.04075274
367301008;282266448.6778223;213064855.9308227
368101001;119144665.95812249;93253845.39641559
369101001;185185197.25851262;162876655.52670705
369301001;294963118.22058284;161003625.7324096
369401001;39591896.73594287;27542219.589797657
369401002;340922395.283487;181996701.44184396
369501001;170688768.10414007;109062360.54482847
370101001;284348955.1651443;170522866.80284828
370101002;10914451.155884994;9163123.878444757
370101003;205750559.3303563;126368898.78394108
370301001;150410803.0225108;121501886.5094362
370501001;63763074.75459794;52752151.9602835
370501002;226636442.1606263;116425874.51417527
370701001;130101352.61071382;88896682.01531135
370801001;163907379.9811535;141228540.00800055
371101001;71730303.14872979;65581159.121404506
371201001;172331170.69034663;131755496.19844985
371301001;139683585.70624077;120306065.08654492
371301002;83181424.05361761;45713116.12522365
372101001;344881751.2122593;228792999.402592
372101002;350303320.5129875;303188680.4660673
372201001;44979286.86944944;27904853.43223294
372201002;218536826.4138094;132212449.30549306
372201003;52243603.25082302;50785773.017463244
372201004;297201176.3111987;198641682.9270711
372201005;462511243.67752707;250108583.92182657
372201006;395945272.3520773;363928716.9995836
372301001;540809821.3638916;346180910.1105932
373101001;383579114.3883235;329161066.46663684
373101002;419290748.5594471;338247414.7568941
373201001;302758628.3385561;253295513.0606719
373201002;499226470.3703331;306639610.273552
373201003;17057612.29708302;16846811.04597047
373301001;181094763.2858665;158003225.30713943
373401001;330454825.80507874;192528548.70875505
374601001;279282657.2243195;164129373.9249091
374601002;545600544.7980307;338178769.8967484
374601003;464695480.67790365;370382793.0630126
375201001;249184.12360751172;158807.95833904768
376201001;298749129.08238214;270713943.112268
376201002;27645527.588220906;19567917.696268987
376201003;131992973.2080949;110864036.57644892
376201004;220652167.0129843;160709985.89184698
376201005;620070134.098931;374136770.0445255
376201006;383041995.9355098;234452202.18169722
376201007;250604812.05051243;212674403.8288151
376401001;87845487.10150413;50829378.13320857
376401002;34644999.821478754;21259821.2699212
378101001;102564043.22550134;60438633.560949355
378201001;25815872.84876935;16974155.591222342
378201002;10483342.127627788;6061282.281471887
378301001;228365867.9022493;218086599.851667
378401001;188938579.7398759;150478375.49716225
378401002;286170289.09559745;153183619.5759087
378501001;451603522.19825214;341589213.17684954
378601001;42822790.67372422;24644549.210936338
378601002;160339133.17984962;152595977.3496058
378601003;140692382.0843004;75640200.41112822
378701001;97376179.03834033;92406314.78609876
378701002;451731961.8276779;303816809.87036693
378701003;131332131.77863608;72344723.67162338
378701004;410931556.977344;214228724.82558894
378701005;142519764.90971956;82149225.62431636
378701006;676998823.3868712;346349085.9857017
378701007;53070310.065182574;38552613.677350625
378801001;110839734.89908235;107871819.5099332
378901001;310325378.44541925;162811358.1594891
379001001;450300217.14126545;365788220.1252163
379101001;382493188.34928;341291446.24345934
379201001;389389185.90337497;334226295.9151465
379201002;357707177.15408295;262528501.17559195
379201003;390772223.8217826;316817356.74003744
379201004;372828849.0961741;254222760.12061659
379201005;188165632.98901004;120763459.57196255
380401001;368502588.5477073;300549931.9923596
380501001;213543755.65244615;122809961.34780735
380801001;456900893.3672984;347264251.2887828
381001001;582887642.5930537;352278707.95621854
382101001;64918060.14965882;56525090.38193797
382201001;184366265.55459455;179804746.95469457
382301001;719487285.1025845;361306833.1435545
383101001;41334061.806443065;31823665.67541763
383201001;282664295.126954;206213038.76050025
383301001;491990497.75640005;292459511.32979137
383401001;549239578.7676388;295702896.2142095
383401002;117969907.14797488;115457673.50083512
383501001;300081650.61397564;261227817.47556153
383601001;359914655.0356834;264171508.4244416
383701001;309658370.20270765;192278135.55880037
383701002;233822942.88903728;140743013.9218158
383701003;337253700.305779;254577699.02035275
383701004;126688423.35416062;73124623.0532159
384701001;291603008.68419737;270134668.7645922
384701002;225540854.58840632;119139187.98976812
384701003;46102313.705210164;45027391.48168799
384701004;348981653.9818;295383907.10245204
384701005;299135485.46909505;206875482.3051675
384701006;262143567.88851547;239710666.27802914
385101001;397194085.5555232;335322753.26078755
385101002;68594297.97801605;64657819.98134298
385101003;513731752.34744763;288105390.6621048
385101004;97048828.78365393;84850196.18389337
385101005;140819080.6575039;89359633.05112891
385101006;8277275.931679429;5202478.631023753
385101007;312152016.1643654;215573182.97752154
385101008;497887245.4430226;257613839.19144097
385101009;235240006.001391;131497451.70405929
386101001;315420302.1776836;240013021.64581382
386201001;98111539.75179905;76495490.10612209
386301001;438983439.01787;265373365.99282557
387101001;8612217.751608187;6087089.335377247
387101002;263670572.31242657;257358963.92147496
387101003;509827667.3833887;329033058.77502114
388101001;465198003.69620794;251544302.48415154
388201001;380828635.9212257;313029171.10055673
388301001;112788668.86342953;93451873.4679578
389101001;377915061.31565666;235365360.74171382
389301001;477157592.1267694;389266333.14573836
389301002;108448764.9014819;79515750.96276349
390101001;491830037.59415215;311177391.5382587
390101002;308795304.4464717;160663490.36091176
390101003;66880847.1441291;53893793.42223514
390101004;525220614.54858965;282538262.48187137
390101005;245582049.66660896;235991475.94539213
390101006;183676022.67537653;177080640.82254946
390101007;72210594.40833028;56086002.19569413
390101008;251063717.2786539;130993118.49212198
390101009;438215356.47984767;243039872.57460684
390101010;438299321.85969424;225797359.610934
390101011;224990482.17082107;130908691.45967396
390101012;529862445.6057638;289075992.67751163
390101013;263097847.26511914;194793345.88165742
390101014;316473743.6857088;285833054.0356037
390101015;357536811.58791393;216933242.56112674
390101016;35106827.137067325;26133649.458401814
390101017;142355818.04036298;99047758.80667728
390101018;312201903.0715475;235505791.94635975
390101019;102567547.55441706;88413432.0614807
390101020;528671327.95266366;280941285.9481157
390101021;35199215.47465435;26635659.767031245
390101022;298765823.4161121;236112291.97486344
390101023;258290884.36704138;207434768.21100378
390101024;438218338.6034163;284672466.60613066
390101025;143535054.93536848;81655100.1692264
390101026;222236908.321204;130608205.57872155
390101027;126645541.8961402;109599968.25698882
391101001;285539306.9227302;252635313.89278385
391101002;482697902.84312534;272132699.77615434
391101003;219229060.86296862;117686882.6526563
392101001;299044032.68182856;202260354.4242651
392101002;348708425.5026684;321605277.5152038
392101003;161780902.7268714;82903932.23112613
392101004;608837604.7200673;348955212.31416214
392101005;140556844.70608023;116192787.8536172
392101006;230499781.44557145;168333308.17082435
392101007;27171501.90936632;19947400.17120782
392101008;204516749.75316006;132638849.45454922
392101009;382829909.35856456;362202955.7877915
392101010;498385253.89795077;280978114.5233387
392601001;193017957.1178797;148090320.34068087
393201001;121352385.1804442;81484902.57910252
393201002;491744524.6941717;317249947.89065564
394101001;398548785.2544461;366394275.41549087
394501001;104862251.543673;76023094.54459052
394501002;275914657.791981;209508970.5240943
394501003;566762875.4210936;289096158.8066485
394601001;360155981.88068503;357780589.14272565
394601002;496428034.70620054;286670899.7303774
394701001;105633003.63310333;76873972.68347806
394701002;331000100.0522003;304126470.9123141
395101001;6159635.111329148;3232566.4041441865
395201001;56853533.48903977;34198733.062808566
395301001;332717935.88452196;245787647.86354047
395301002;187919733.77319545;185027998.3603114
395301003;242473843.73524725;229149257.33656144
395401001;425255596.881532;353640799.95279443
395401002;37859624.970534235;30482861.1565534
395501001;111564702.17983902;55863243.22426684
395501002;600792703.2518979;344817564.9631507
395501003;219044350.49064106;151039490.0734248
395501004;287265687.12350994;206006196.63742703
395501005;362622983.6027817;316724261.6178057
395501006;92104933.88285041;59961759.440511376
395501007;337749580.56943434;227655225.98652485
395501008;302706396.16961217;241299321.10581386
396101001;466878724.3239481;333189844.20745057
396101002;113676285.16709785;59576656.73337779
396101003;517071267.5043179;288106712.4741826
396201001;195279428.56156573;118618243.79141197
396201002;92355643.37399155;59521523.31129226
396201003;113508425.8312208;63446662.19036958
397201001;340637655.8031997;175720533.11735475
398101001;242918985.1484033;203480913.6518368
398201001;201735301.73543766;118753877.55775736
398201002;203526289.97541645;119740532.85772648
398301001;456815397.31988376;230002793.30668655
398501001;88715639.67108174;65593475.039260514
398601001;240319442.09390664;146065899.29000914
398701001;22518141.24744793;15362059.92903214
398701002;224908067.43606094;152692642.80148843
400101001;64768237.071744874;42082593.20136392
400101002;57953283.50814469;53189182.86743246
400101003;381672226.93533015;333140639.2802122
400101004;55394777.219979495;42299714.636806354
400101005;250939025.25139377;135855614.75145993
400101006;93498206.57950525;81116769.59057505
400101007;552254218.8755854;386525787.1361747
400101008;164010429.30405906;115174864.60580797
400101009;458620609.8236382;383868868.968026
400101010;311853273.0463261;190326788.25509012
400101011;117916011.6850182;60517548.84279632
400101012;625612961.7635647;374983296.6301759
400101013;485213003.4164395;245710757.53370383
400101014;143225564.94892952;101677921.2245163
400101015;323705509.2537761;274744586.1629312
400101016;151681884.13583985;87023035.38646187
400101017;7048441.334923516;6161471.6841506
400101018;9410665.530967284;5270242.691547013
400101019;439841365.17255384;248949781.44755557
400201001;3815767.581710362;2720737.497399336
400301001;211424485.8432266;146554395.06077537
400301002;519105310.70105827;346693266.71712315
400301003;181450787.0200502;171229399.97727215
400301004;28862767.253075518;16279211.868348107
400301005;693705935.1589727;366037819.9606572
400301006;414306311.5469309;319099042.215302
400401001;252814765.3634582;144480406.64048404
400501001;500981923.8892194;257134392.07937267
400501002;514125102.4744997;258161472.49170482
400501003;59304060.25099293;51239489.597800896
400601001;74842260.04534853;43513535.79678168
400601002;412571084.54379267;301078457.7690563
400601003;411080181.4913346;319947160.7893114
400601004;126611939.17004615;81236941.07178415
400601005;362801981.80386466;222687705.17217785
400601006;85370102.30335875;47598927.19790111
400701001;511167029.3249952;400340222.8882366
400801001;578651840.620232;341215008.36735445
400801002;262629536.1280377;184363794.2194911
400801003;214634751.33508694;116487367.8651833
400801004;222425548.514396;198405490.22151968
400901001;98423729.79257764;61767175.41389399
400901002;135087300.62533772;68621125.81994551
400901003;379301981.2479589;303121344.74774724
401001001;449481387.0636215;381390913.13476515
401001002;344700735.29231596;288033741.1863818
401001003;1841693.0279904355;1635377.1299127394
401001004;216424350.61463112;178512797.6200562
401001005;219824288.53829733;211895925.56185883
401201001;537238962.4688616;284935862.4516702
401201002;177408638.47579616;97305670.77958074
401201003;429594045.72177035;263468791.39509934
401201004;273973782.4850607;168232215.20928705
401201005;734070999.8409481;372453452.2310261
401201006;664265561.4048378;336682482.9139861
401201007;367089596.8693389;205545546.68391526
401301001;393462633.4532132;235175871.46195453
401301002;699507402.9011045;380353941.764371
401301003;249158507.82944402;228798456.07395774
402101001;67281157.84495762;48965379.197531804
402101002;651161072.5197903;396761035.1267077
402101003;452549536.27097005;361001526.1888509
402101004;178563870.31971747;143063762.1193648
402101005;294488372.93711615;160889011.31424934
402101006;123793387.43028377;80939544.7915019
402101007;316168711.7159082;185062464.87372768
402101008;225276553.82436123;157923923.9837196
402101009;781318728.7658831;394623035.4225245
402101010;188637351.6488137;127677610.74136968
402101011;345806627.00917137;228847628.61554974
402101012;641798824.4651796;340546420.3051245
402101013;1818980.8194919706;1506196.1181044923
402101014;386548496.42990726;220915295.16313678
402101015;626795828.5243937;343931714.2667995
402101016;226374777.68228674;153932601.5490252
402101017;90330189.41390471;50466150.31382065
402101018;2807165.157018998;1770464.6356941918
402101019;634864361.4789888;370206881.5099321
402101020;284554534.01272047;239529719.82073137
402101021;148423430.57065412;104579501.36066133
402101022;210808181.2687398;148893296.7825388
402201001;338688262.92260796;319096007.8247859
402301001;470475599.2967134;340984398.2738612
402301002;609991432.6321006;373078512.1282613
402401001;213644582.79708;166364673.36415747
402401002;274104607.8102801;259702269.60910076
402601001;437555251.45228964;310364836.6149352
402601002;64880218.29169826;40648416.660369
402701001;252414945.63992923;135848627.34174207
402701002;74022824.12582573;52513800.74627375
402701003;426034473.6170621;221817259.2773206
402801001;179777783.95165965;173747578.41914254
402901001;345694149.9289143;217690794.0075527
402901002;205676265.09445336;114159307.88656294
402901003;82970679.64565979;56814259.914299175
403001001;349221872.650486;234376457.7312844
403001002;347090503.25038046;338442221.0946863
403101001;408036174.846951;271907762.09427947
403201001;289986618.65482837;191546674.68003604
403201002;418967528.64722884;225502974.28438616
403301001;472053010.33303225;361169494.12479657
403301002;52435719.7656003;49177530.39274681
403301003;196851074.00825506;120062949.06863871
403401001;637616326.6236777;351012511.15798134
403401002;26727890.32174648;19717204.57335857
403401003;130898012.14852147;87365353.60413012
403401004;417117661.29115415;398355957.74432427
403401005;120171190.75145872;102589594.27426712
403401006;124147752.21870038;66136594.890769675
403401007;112846076.64618999;103073444.51867995
403501001;323284658.5087759;207864603.53275943
403501002;157647950.0494547;89137797.02656029
403501003;359666125.811595;231915362.23623917
403701001;400840048.1166977;224832338.54943824
403701002;447545751.87222105;358154088.99192834
403701003;5097818.8427194785;3655535.8250954053
403801001;195481463.3672205;141948725.90160257
403801002;479178082.38238555;312627234.3381084
403801003;468403658.34149235;332629992.1594766
403801004;431233429.7333948;271435506.03643477
403801005;228487487.56621677;195139830.8393618
403801006;468844918.0502675;321381887.89258045
403901001;615163378.2626797;354871571.7133635
403901002;554073499.1431231;284522903.727651
404001001;391429963.3617603;199172695.54254285
404001002;364336653.3674074;363166941.56831443
404001003;536502822.9860618;326137266.51184964
404001004;344657935.7955594;244292784.33423266
404001005;258022370.42326918;213854197.4380485
404001006;27281689.19519284;18085573.27121867
404001007;194117436.85605714;183951739.52532902
404001008;615481224.2338169;362457161.250274
404001009;207121279.9587743;174541275.23527196
404002010;418376746.48338044;385671083.2025707
404101001;60414391.05933862;36578418.938660495
404101002;467462124.8882431;262344683.92436498
404201001;384130200.61977375;205421930.29993263
404201002;281941335.1954475;221707816.29256094
404401001;348507879.2754973;230812600.74131757
404401002;125014843.91227612;100094720.70752873
404401003;53112692.820890635;30782264.164586335
404401004;34625092.58472429;33336550.82708206
404401005;534820992.7230948;391491039.81174713
404401006;216416173.72744954;197617925.1306187
404501001;340649420.41915226;269734365.5546508
404501002;244769609.90100425;137492808.065496
404501003;259235888.13520223;174814260.48935086
404501004;303994775.9641121;170576860.5846519
404501005;434848076.915118;303121915.6255121
404501006;296463346.0627956;249515220.15377134
404501007;346925270.1144609;327919256.9750892
404501008;135641407.21391404;118576833.611806
404501009;496371722.5629944;257680250.56858268
404501010;25252859.820678644;13759343.824190738
404501011;354916171.31854504;255684814.6391345
404501012;22763433.178504933;14345799.738846969
404501013;706836954.9783716;398256417.98956746
404501014;40261295.2180461;20528288.824564904
404501015;252740650.9761467;224356603.26701683
404601001;69352333.47212829;61934540.755446985
404701001;320702188.96343565;177012700.52478582
404701002;134465149.8490932;110097517.19626765
404701003;88485119.83003621;52921718.47337649
404701004;422034929.830186;299784578.2721716
404801001;286200267.50013477;190532246.42200458
404801002;426842916.14990187;240790425.8646429
404801003;315156153.24462557;219097720.70010126
404801004;262315969.3991547;217508725.3481318
404801005;408573027.5527551;323298363.9736039
404901001;240682717.42118898;146451588.960274
404901002;55633225.61226077;55474989.39283571
404901003;36347779.71244508;22633648.70313987
406101001;286690714.7400178;150123853.03830898
406201001;58827062.18395004;42538806.577296674
406201002;186242494.8884564;130636894.6923025
406201003;245454375.72666737;186264093.51825875
406301001;17241648.46146186;10270769.9768268
406301002;244666557.96435216;190428322.2963814
406301003;242952800.152154;131354946.09450606
406301004;493533363.22739094;367807524.6004654
406301005;68402742.13354202;36549363.46850975
406301006;52453313.19828431;26315910.478960887
406301007;151075196.8223579;113391544.6084407
406401001;443714817.9906628;243981191.0958169
406501001;231045910.02702817;162160516.31530586
406501002;266558857.97328708;144321978.28280225
406501003;162680018.63004574;111868690.57937008
406601001;119933501.082516;98221405.75869292
406701001;457151743.2612982;286110987.59950054
406801001;478818549.1876313;300374411.4463928
406801002;353295286.48215467;211731980.77846786
407101001;278484993.8284069;160300695.8752543
407101002;416418021.2749452;363640879.5366429
407201001;374460603.0307698;259227483.0463024
407201002;326189309.4977939;163938870.06735662
407201003;90054994.8563392;62927817.17732289
407301001;198529378.8739578;127018562.51666263
407301002;198480820.34394732;126359095.26700012
407401001;286854171.84833914;251198577.88648587
407501001;404952000.3006301;297246359.9982441
407501002;286134627.23632574;208711864.44327268
407501003;17686878.91011798;15512053.287692212
407601001;76181847.05235481;56372540.968159065
407601002;548869369.3050946;310717322.19748515
407701001;73729825.74315093;45657000.481062
407801001;182297223.89661494;101255979.31769112
407901001;360750678.8618406;329094479.8959881
408001001;313550739.50886756;187890086.05214223
408001002;31845167.952036574;19050091.29331388
408001003;525995455.14408296;381278142.7225928
408001004;336706475.75917363;183544441.65721148
408001005;165652585.7832318;96402174.44731562
408001006;179487325.03681886;155243191.4201709
408001007;140871656.5463394;109129777.28359568
408101001;683259654.3238109;388478692.5898228
408101002;433760176.13708645;226395385.02510813
408101003;291343117.20609635;181277485.53663263
408201001;519036180.79095536;402884197.9152743
408201002;284152154.18584025;153562613.35572866
408201003;630148515.611218;400607260.2531904
408201004;112977933.07998025;66468149.1716477
408201005;196380938.53724307;140779286.2725027
408201006;409977312.418383;288236001.2140243
408201007;172818320.85281238;124659894.21728685
408201008;173357917.76839653;134486980.23981947
408201009;373306251.9487317;313158758.3903044
408201010;112975044.41997762;71570258.92790169
408201011;383102179.2415813;327437216.4804695
408201012;513556060.17213833;285878558.6206501
408201013;93633589.0416399;73403888.51021147
408301001;362580704.9062947;286206895.5975868
408301002;541595719.6259711;323801089.38424015
408301003;166816570.003216;134489094.30644745
408301004;167853878.94938642;130747033.84698099
408401001;362147424.0664124;260832281.86162964
409101001;441332405.91254514;304512935.9600554
409201001;525783349.4884983;359857435.34525704
409201002;389210100.03740805;199004557.49905235
409201003;198463768.76591375;111649398.24676223
409201004;99288608.67251512;83125570.05893359
409301001;504636021.1824195;347303327.84814787
409401001;61380831.97820371;33629412.62556368
409501001;289458463.5877672;151291757.59375414
409501002;452915435.44973266;392098453.11071336
409501003;525664767.2417967;291669821.32153314
409501004;452752291.8266985;302299143.92823124
409501005;496298072.9130331;390966630.8058643
409501006;288056460.95428926;154031371.3710058
409501007;124019298.24909028;104469505.71938361
409501008;199011147.89520016;185772745.78101972
409501009;124848655.80980872;108666733.66035154
409501010;357416935.598793;261567990.96953946
409501011;241730241.9471143;185442969.67230797
409601001;25933630.13860486;13645962.080465304
409701001;142725248.45075583;125192757.20734622
409901001;391422864.41610116;341154445.98661846
410001001;569408086.3935788;379505155.4766709
410001002;79122856.23693696;49621997.241829276
410002003;392347422.8331005;282068734.79822654
410401001;459558317.04052;302271531.7802904
410401002;185528497.46605277;138083991.2049002
410501001;287364455.39479405;250278468.07926136
410601001;322476007.83178127;215304660.76703218
410701001;108731400.12406628;101908768.23409931
411001001;106657116.8266957;104142799.44692393
411101001;246560727.199861;228005456.04677942
411201001;275251277.93315446;168095966.02607092
411301001;449083515.29731506;292553556.9059707
411401001;486879414.3270445;409993210.991477
411403002;223878502.7742267;209268728.19324166
411701001;103127298.7984673;91916184.23217468
412001001;686986450.2501712;363482245.881335
412101001;121040323.33026533;92911465.84388432
412101002;286822350.22363454;161332001.04887015
412101003;133360615.12737523;77943445.11941218
412201001;136884842.11794904;105667168.73705918
412301001;463741725.2967483;339812909.15493
412301002;543634623.1807638;298133942.4076147
412301003;592840090.0520924;314149946.10871613
412301004;547405944.4926537;313510582.5817122
412301005;294894728.4372481;184319002.57364568
412301006;471636586.7283631;256687492.2403262
412301007;273610734.66368383;258628962.13976008
412301008;511750352.43638444;314615488.1246233
412401001;58353022.918417096;42836800.159032926
412401002;17174135.560338955;16182001.405830294
412401003;54047994.535192594;45195190.06821595
412401004;393401677.86019355;329883678.5236473
412501001;642112080.287495;391499269.59492403
412501002;50390512.98349991;25653575.094683055
413101001;385056111.05887383;206596922.46471
413101002;407338010.4649969;216170663.4510082
413201001;66069399.548572354;38898297.66160085
413301001;145260612.17970437;141251703.54220772
413401001;81462602.74814034;43379032.95941711
413501001;157242170.24437532;147681001.7731316
413501002;520220011.0882642;270606344.7291949
413601001;266758828.10134533;179014046.03545302
413701001;324715340.47576076;269570458.1629058
413801001;344127372.01940775;312328369.7889005
413901001;468856845.07571846;367393945.59634054
413901002;109529193.92160292;71680224.91590561
413901003;174853649.1712341;113295338.46966195
413901004;456513012.8685639;349852312.6446511
414001001;556309676.5777571;403237963.0245981
414001002;357944559.4134493;213896992.77115473
414101001;213585272.11255553;145396773.6865213
414101002;382196918.3632527;219249079.91886497
414101003;288987275.4918495;251138861.52620605
414101004;104148677.85154454;56322861.86380022
414101005;548490706.9787661;381944510.05088884
414101006;151267719.58803713;88999150.58912371
414201001;596054470.1188017;330995691.04333794
414301001;60677358.11701167;50474394.71671691
414401001;249002020.5932219;180653714.96138456
414401002;357534553.7215317;323760956.49459386
414401003;538114797.6482823;341755459.9918824
414501001;515002679.1875036;381027286.2898617
414601001;321613383.8540133;256902996.65682805
414601002;456921446.3155691;285221669.4444703
414601003;705132073.211286;362060697.52389497
414701001;453742440.60802895;386979604.4311326
416101001;529283994.6508682;389553204.72139704
416101002;506939215.462548;376067709.07167363
416301001;265285168.679819;250005568.20346323
416301002;403600702.3852722;401357316.356891
416301003;110976729.69630158;101039711.0104343
416301004;408477638.46155584;231648749.70324543
416301005;618472357.1889668;323305532.1278503
416401001;367334519.7443876;217380681.93414634
416501001;75381531.57160202;60313357.782111354
416501002;4899300.88077557;2945792.3575690463
416601001;2792929.6692009186;2159151.1050400604
416701001;440965009.5198496;396969632.06206435
416901001;27894561.548214074;19478860.893002976
416901002;183251286.6572725;103658179.07180637
416901003;70996425.80456117;43069807.10590374
417001001;109542803.29714666;87594311.24118328
417001002;411794306.1731653;398742959.55071265
417001003;273784615.3282264;191547624.6487324
417201001;200938294.65613765;149257693.824447
417301001;61359051.793941855;55052409.04118224
417501001;183928630.27824718;125633368.08170049
417601001;188512443.95318842;135511929.19714728
417701001;141364436.37139952;77116277.07522798
417901001;500546720.2345512;291910998.13445884
418101001;318080265.04932857;165548907.14450768
418201001;331894334.05454564;208248516.2638897
418301001;118408130.05951901;59392684.63018486
418401001;662393902.6048111;349761596.648149
418401002;506621602.8932865;417027925.7936745
418401003;236643286.40974876;123278586.63823716
418401004;279813134.44687986;206925823.62923074
418401005;263922291.00205326;207125436.62382483
419101001;24509300.619103253;13377911.89625678
419201001;103760272.72697991;73116019.77231431
419301001;483415917.16193295;355834396.33108723
419401001;479160642.08059895;258945585.98364025
419401002;561163334.6913236;282093833.6639364
419501001;143028279.09355846;142270048.23694563
419601001;318869563.6793722;279294761.88177836
419601002;306156460.6201733;188593870.1280665
419701001;415423465.9431977;319221937.26705647
419801001;202474581.26360026;160926525.6098323
419901001;183259431.86608148;157331731.57331207
420001001;165893259.97935468;89816596.95642613
420001002;553782138.8317771;412430461.72059435
420001003;223046295.72240788;184821308.17809418
420101001;336052133.6482242;291946254.8759745
420101002;460056611.21137595;278736743.3862766
420101003;605784491.3749592;310744941.11647403
420101004;146022178.8997296;75620965.31143874
420101005;180118752.5241532;121411697.53384258
420101006;552677638.5886222;307273155.18336505
420101007;53659403.21921699;43549560.915351294
420101008;10575887.606660897;7052592.700095727
420101009;226810269.83276206;138498281.98860103
420201001;449768485.2144162;363959185.2819296
420201002;434868712.1005233;355440787.9136567
420301001;357453466.66571206;258707079.2924833
420301002;276043744.08898014;244396515.0979054
420301003;174238304.48708087;157235245.92995217
420301004;148324806.46174476;115292888.22178356
420401001;775066989.1936246;413007241.88680243
420401002;327685610.92415327;225673403.19753376
420401003;139527719.98464087;95979203.12321614
420501001;808172698.3455014;414647394.4406799
420501002;78881947.09651291;66204109.282611124
420601001;433055674.55051917;250697974.34571567
420601002;206436499.6158059;176735145.25372124
420601003;423975207.751971;375048103.68562335
420601004;201920662.47183448;127630250.39019033
420701001;106881143.84483337;84942286.6835865
420701002;324004878.8466466;267239037.9294358
420701003;137905539.09075505;72956067.4942734
420801001;361491937.7166915;271051714.69567406
420801002;66394922.55261508;33984266.57136474
420801003;355048795.5211297;271516917.9885748
420901001;486892882.6196283;319756794.01505923
420901002;61074845.79311368;39187926.58009815
420901003;330684775.25502443;203637415.53820655
420901004;158407409.78326714;79889473.64618489
421001001;616279956.604937;334422371.88843143
421001002;49676183.55080543;39975889.24577957
422101001;412364308.55389917;352441564.2088457
422201001;410682335.9418891;324385455.1206594
422301001;24852833.304265846;23847630.259973142
422301002;27799140.590276808;26453262.67372772
422401001;123975076.2595476;80765797.08427049
422601001;321888112.99126786;228176948.85232958
422701001;554756840.8255119;335668487.4916164
422801001;324903500.4014182;319644908.26613843
422801002;198647336.82960123;160844019.19203922
422901001;271558066.0168029;250578368.63068092
423001001;619603971.7604572;359785332.5041253
423101001;100064556.94555569;68996214.75948013
423201001;410193612.5039414;356334740.4889198
423301001;360933407.5869971;210919275.3479882
423401001;120600128.0977858;117094448.9663642
423401002;87993709.56857155;75720549.18447329
423401003;367531573.2691142;308515837.6392015
423401004;154729144.7996708;129590732.48951355
423501001;331103090.5633016;210722486.24358916
423601001;13967574.246766739;13796113.458903069
423601002;113245448.21611638;65129013.25521464
423601003;223183804.99586818;202550236.91235298
423601004;404722053.34796375;334110982.18491507
423601005;438003793.60441804;315652681.4142168
423601006;66061602.57611728;47237620.781964466
423601007;167097819.97689644;91933374.17879857
423701001;253019432.34038845;132764311.47845551
423801001;48162261.447136216;48039743.03979496
423901001;74883294.07223566;38757574.68896899
423901002;222542487.1978263;197038555.75050002
423901003;191818011.97401038;115850445.94356687
423901004;274613155.7897655;166857915.40890825
424001001;362404359.31565905;199865397.36656445
424001002;289311477.8644477;147484709.44531375
425101001;568207566.9665498;295528149.62689936
425201001;119459914.75753933;119178378.24264614
425201002;776882870.776749;394113852.5279761
425201003;198281457.1211355;116185898.52263018
425201004;171132400.13480732;122924875.7714938
425201005;698433913.494516;398302810.75875556
425201006;275570574.3538982;235110572.26667157
425301001;179979241.38771677;163932407.87705368
425301002;314592123.6433605;275524849.4261765
425401001;96550942.58498937;52834816.94068027
425401002;222435607.9000547;163096757.4752754
425401003;48710086.384793125;46540531.23487996
425401004;516433432.5790326;383500072.25785816
425401005;445215391.65527105;300986990.72216797
425401006;119124806.57881996;73964993.06701082
425401007;523536478.5076016;408459205.6211499
425401008;530429820.80258733;287265569.00239307
425401009;189559168.4607887;169346249.9186113
425501001;448862393.94714695;342749741.76950073
425601001;118491610.8135111;106072820.73083058
425701001;112346153.3415839;59738839.69689836
425801001;321307754.8487861;182534908.21152803
425801002;350345436.5488154;181868602.5085295
425801003;168091422.77066404;156354906.7412966
425801004;126518604.28243107;91979257.95521975
425801005;361470112.9541453;205191984.15483442
425801006;438344599.2334824;365824642.49392945
425801007;346499617.0757314;188880528.05156457
425801008;332010270.4059154;296478710.4999215
425801009;646381138.2629471;326652241.7242546
425801010;22369543.36200791;17006431.851989713
425803011;95190227.98020266;82518650.77331316
425901001;300051949.64017034;183902766.93380097
426001001;266538809.05417985;137174408.3462759
426001002;564161303.2455609;394944909.7959109
426001003;7038538.7089282395;5653404.639888895
426101001;287613221.2100317;172091017.34831193
426101002;121620913.89340287;100566401.37677859
426201001;400234884.4683366;228351618.94593108
426301001;9892853.293421293;5968661.145469166
426301002;325046430.32075167;175388270.38389447
426401001;433035555.0429514;246073572.29611304
427101001;116533074.46681206;68551947.01429556
427101002;253167200.5601168;239478637.2183263
427101003;520995365.567858;413720025.502597
427101004;542810280.7932193;311360213.3756995
427101005;244654884.40605;130261754.80956753
427101006;240578789.94922817;196877070.98923784
427201001;128435594.61988834;65771996.296180554
427301001;90024676.408516;75874185.46298587
427401001;680235729.311572;349209098.6720705
427401002;455958297.89487547;338836388.7630935
427401003;109474439.02966379;80204028.33262491
427501001;169104140.16410705;98278901.57888636
427601001;368730689.1382647;233647883.7657891
427601002;282533669.4865505;267723410.60843092
427601003;94116930.08967195;60304464.39830454
427701001;361752826.8493362;308928291.5798514
427901001;335583150.1798959;264144399.07457855
427901002;646380337.4020331;340575133.6877842
428001001;498890876.0455124;343384192.8395526
428001002;238351537.31923258;130666650.14573018
428001003;800620234.4223446;416257742.5445424
428001004;693982964.7717859;357470514.44436073
428001005;267905439.20639116;140382673.2532268
428001006;567298998.9487169;293522351.1574272
428001007;232336262.28009403;190853562.72325337
428001008;266519407.7210666;179064310.37588015
428001009;204608660.21908402;156924033.15037668
428101001;350597991.1804039;335590163.25210774
428201001;283019748.39404404;230459770.10129416
428201002;763444223.581386;402914995.6448293
428201003;238829428.34660196;226910007.61791807
428201004;288973215.3915052;228222896.18558964
428201005;327274944.612041;203703541.47317687
428201006;278706068.3921873;189925260.9311176
428201007;426783907.5922136;280448357.144037
428301001;413009158.67580086;308193673.60101175
428301002;569895856.2279344;296862756.71105355
428401001;561673185.0365818;418487191.8201807
428501001;635557735.6323282;369752940.39002067
428501002;533776523.7446061;358919427.5748376
428501003;64835075.7969457;34917564.27717857
428601001;249246265.2796938;183117665.66161987
428701001;617449400.5864902;347210305.58532345
428701002;387913347.5930319;282025926.13564754
428801001;43262748.912964426;26348945.3217902
428901001;586983474.0294446;345354712.9809348
428901002;477428433.7624002;372242889.20148253
428901003;243863667.17523628;205870372.34972858
428901004;671344365.9081727;414601624.571173
428901005;127013109.94547045;109667567.64057048
428901006;144262244.07442206;77911000.57672705
428901007;312990024.4618769;166863151.85331884
428901008;388420108.27977973;311891714.1632047
428901009;134118201.47861503;80223035.87102324
428901010;256565607.16156888;255097722.27410716
428901011;21354831.97052844;15505680.529480081
430101001;17757533.01234138;10996218.366231045
430201001;170729800.46431312;108686973.7084636
430301001;602478800.2484741;364580880.9306132
430301002;317388037.25057447;304526985.5447986
430301003;64024477.01555998;56030515.13603428
430401001;34007235.70102163;25947820.44004675
430401002;422960132.17351973;406569564.16007495
430401003;523161769.736964;356530055.58649397
430401004;625621690.9723616;322216743.6631115
430501001;314095128.4868598;238989114.54191184
430501002;512620467.3840286;377655500.0028079
430501003;141242114.04253614;74193282.13046308
430601001;537438424.0088837;379512409.1075672
430701001;500359962.17701143;407767086.50983924
430801001;371910563.4852426;201455398.8037271
430901001;75820269.91450368;57672244.924740285
430901002;444826802.44038546;354362696.0918929
431001001;474784465.78888935;399164321.71513236
431101001;129838097.42317106;114201549.19500364
431201001;596956208.5848982;350100144.5280582
431201002;350406440.858728;276077521.4072127
431301001;32188975.954602182;27908544.992363505
431301002;467303818.99645036;415774829.00037724
431401001;301215404.3597381;181049280.63443962
431501001;99305194.00376728;50426000.28382428
431601001;313018190.8110074;193015714.85973102
431701001;273495435.9965923;243828878.92284828
431801001;558217641.111536;336298799.80928254
431901001;572134444.0221473;367303184.74571276
432001001;337326233.1632797;189115535.55514237
432201001;352136370.4564964;305198100.2035275
432301001;555555929.7590357;384465036.37085885
432301002;334872517.05392426;181433415.57337528
432301003;359346531.29408807;289813910.7104664
432301004;152429254.66607735;124911131.46820788
432303005;64860213.126964435;39239843.6706283
440101001;631104506.3512586;317899929.546662
440101002;698216450.2290488;431397654.2779756
440101003;209453459.35664007;128533252.86147633
440101004;18065761.869540002;10176259.654008567
440101005;436130760.135405;285413844.4388746
440101006;910374.2046427331;717502.0194175137
440101007;117234548.96880896;77381030.1095281
440101008;757419053.3062447;439877958.7999062
440101009;577050654.0379299;304071353.6288675
440101010;445802035.64371777;426728911.5501359
440101011;715005519.3713278;429769494.26170546
440101012;108559423.34640029;106505653.98924287
440601001;694548645.9941144;392781837.1932794
441101001;631589124.9073122;359230102.8597461
441101002;347543181.74859613;262333066.23688257
441101003;346984640.5139249;179693072.00551718
441101004;26555027.499838103;17894915.682676874
441101005;345097884.81758535;199536290.65232298
441601001;409671177.7956924;261916223.3328581
442101001;137273242.03138757;82421841.47422789
442101002;691083826.758265;385574638.63205916
442601001;453481531.467598;345540471.4468395
443101001;367360867.8223843;230456212.11537132
443101002;619210873.4107634;363989926.9958393
443601001;305811068.04838115;164269905.53968155
443601002;56472781.27860932;54358992.37244688
443601003;86812596.80737914;47514699.29322712
443601004;354286026.66307735;223169232.28894642
443601005;274908730.7492258;185685963.37948784
443601006;677840217.1294422;437983068.3050103
443601007;417763676.51179326;284577252.6217581
443601008;360802368.34782755;337536200.2907536
443601009;22548518.455392044;11565955.784541152
444101001;591338193.0052433;419410716.8222472
444601001;72406450.0882893;36354543.50936876
445101001;190295384.88492665;98063265.27611268
446101001;451719780.9373321;317490018.4797157
446101002;133644007.08372958;72738994.3812326
446101003;351336556.18261576;278651190.71485347
446101004;521136618.0050492;439838238.73625153
446101005;501336306.89413756;255204205.63018253
446101006;424007424.54516244;338302639.44807756
446101007;414010810.2708067;244729039.51585796
446101008;412673642.9429244;336552019.06603134
446101009;331728696.9205729;233805696.6549213
446101010;473532538.5333594;360267161.1828246
446101011;298325584.8832561;190238728.02102342
446101012;442068613.3281184;290877518.58468485
447101001;273347290.60695237;174142457.87455422
447101002;161729534.87587568;124648119.8995615
447101003;417648351.67917967;377468537.6666319
447101004;397774623.89016217;341877353.3203036
447101005;108999282.43255985;78908438.44855866
447101006;572480355.626403;296964543.7346121
447601001;571021387.9792184;322395916.44264203
447601002;381978922.765288;311475274.55557865
447601003;367784584.82700026;209172398.52377397
448601001;495131205.2712394;437888831.63972354
449501001;536254660.47953504;294534624.8392189
450101001;589259050.6420964;389888360.5757832
450101002;210995970.32195812;139290974.78780717
450101003;461555398.6007007;258161172.86304504
450601001;225732641.99114335;192815478.01808423
450601002;84972975.86732826;65023991.05836414
450601003;91749982.02240823;83596732.98118822
451101001;245114373.35336506;191591610.2397926
451101002;346454009.78506386;245641347.75059107
453601001;492725349.8232468;303348701.5249806
454501001;380966265.79304785;201083567.1810665
454501002;622752255.0233393;348680378.3549811
454501003;139145668.92947042;109568696.5228756
454501004;256463366.09857154;152301079.48196012
454601001;246432637.40191573;189450499.93050072
455101001;488644033.7491433;301179168.17654157
455101002;159675747.9180433;149925296.98123658
455101003;325324310.90009177;283963936.9815134
455101004;333619927.5695104;279974317.54731995
455101005;90130569.81270297;62857057.03618332
455101006;529818977.46774983;415166818.30153674
455101007;531381514.4806607;272122981.71378773
455101008;417918944.8017275;385450715.57556957
455101009;694569147.0086068;413189776.60342014
456101001;612768962.0273707;441169826.38472706
456101002;422371642.4933533;299843943.077419
456601001;232134821.96069092;172937780.75338838
456601002;257270331.8607695;150632368.4529595
456601003;440498229.06170774;374713047.26809263
456601004;758626313.1560532;443750551.9486601
456601005;300782344.9269365;225493764.40145984
456601006;662503978.012224;402207551.54378235
456601007;53822012.53370962;31467512.705450293
456601008;55208045.60599455;50725518.97152561
456601009;553924121.0560952;373701409.63860893
456601010;807547934.2324778;444761211.4941447
456601011;490339545.2137117;335451577.5430305
456601012;404494151.6380067;310309428.1138345
456601013;547222746.411926;421752140.44409066
456601014;124437254.05953772;103691122.8467949
456601015;249044007.47312558;139936966.41655576
456601016;587123889.2027507;341630002.02404606
456601017;216595522.7810634;138980158.94278708
456601018;172405712.3693349;115328049.89998427
456601019;675124995.227832;351914688.62887764
456601020;518090809.8569656;263715643.22454005
456601021;569592072.4593623;390136716.53361046
456601022;763533971.6696566;444761784.7627942
456601023;7960212.314475079;4937922.060037246
456601024;52182240.71358478;27034989.497776326
457101001;498803380.2779609;290368021.94350564
457101002;96049522.77322124;78751102.53040294
457101003;369915497.3305273;213031654.04025874
459001001;773711678.1109617;455964175.67283267
459101001;216276508.001047;214989991.5349815
459101002;308649563.9085811;175761661.57876468
460101001;432819618.67162603;360219115.3332046
460601001;43979192.02367463;35724014.70776903
461101001;498719732.6523929;394595113.3045491
461601001;227302376.70286024;212981653.71049204
462101001;264230137.03687796;206668066.7208225
464101001;171094395.44471386;125794572.48135638
464101002;181714237.6188597;116032641.69681811
464301001;586692058.1583477;459806184.7678966
464301002;78064015.8630845;65810485.56373019
464601001;579867050.9625423;459371891.56844074
464601002;50813961.74396202;45424379.66898359
464601003;41876177.09100934;24401797.5187878
465101001;422327517.9886673;342563373.84578055
465601001;390428046.16301715;321283437.2110708
466601001;574627452.4585512;291046278.25474215
466601002;161010649.48498815;96442827.20256872
467101001;210742273.65692434;154540738.7340414
467101002;419250621.6410547;410232619.2423421
467101003;513737474.2555885;280353032.8742238
467101004;344077826.40860796;198099920.80883962
467101005;421015977.22569656;230325113.58781904
467101006;476549540.88565713;294614499.8165825
467101007;491806980.67806673;380039224.06839776
467101008;568946197.1823466;384029423.36705256
467101009;466126699.3486224;264023008.15084693
467101010;310266172.12989396;305493596.5207038
467101011;671979252.0196996;361661643.25025743
467101012;74751617.56725831;67292069.94387211
467101013;610743922.8048242;330826136.4762696
467101014;549042014.0930333;433243573.03787404
467101015;478423235.12018085;450318314.52541274
467101016;529627400.88169515;364907090.38124835
468101001;226005326.9822862;123467506.69124651
468301001;691127035.6149334;415230823.2437541
468301002;487239376.9250888;421413542.6791836
469101001;568886923.2136736;420123775.69589853
469101002;307618273.9634734;276157600.8832821
469101003;480224691.2198683;330591229.3869584
469101004;134544934.52443537;82967745.956562
469601001;463911194.5817069;463699904.89449304
469601002;806990679.3694756;432717948.8316901
469601003;842241361.2056352;430506347.7497107
469601004;118662959.27909322;110290001.16584016
470101001;487188197.28352994;382032241.8759756
470103002;700401792.5072122;428550713.09537625
471101001;383090791.40375197;372929478.26861805
471101002;661803731.7503264;467365761.6476606
471601001;348382957.2735219;280859404.36461586
472101001;32070481.114398815;16795030.802551474
472101002;431480026.610024;412498446.99793184
472101003;54491128.041071855;52705586.41116958
472301001;205834976.65256536;143464616.740229
472401001;584401280.6843941;358793206.10513043
472401002;304285947.578375;166397488.2767282
472401003;235894085.86591753;152258999.8776901
472601001;149250517.6529324;91849724.79759729
472601002;603360416.9508715;423871979.00415903
472601003;370628401.1540944;186302795.097733
474101001;145094000.28360313;129202270.13539618
474601001;283239573.6914063;195550920.56808797
474601002;490826104.72859675;379174999.834901
474601003;227999333.02773282;160167250.73976317
474601004;555183105.4878556;419672309.273474
475101001;141865505.63148412;117275352.62311092
475101002;307909377.2737991;228563048.9458581
475601001;480989087.5275819;392500485.9816548
476101001;582670546.6336354;422325917.7612886
476101002;554622407.9276142;325166385.9949254
476101003;510675282.82970786;469013441.4443191
476101004;172839624.13407055;128592974.67083701
476101005;60112782.63550793;31152697.331127387
476101006;54590925.912246056;36398636.06948661
477601001;617322201.5649716;362651925.9756958
478101001;320249082.3033866;163296864.29946318
478101002;205234742.78076598;109060828.45415802
478101003;211609868.0712397;123648622.43592227
478101004;460831635.706723;330437680.7374663
478601001;45135809.80336432;35534088.26013116
478601002;351683691.2883034;269498399.22285813
479101001;30495170.17477583;19536674.378103025
480101001;153339089.46960515;147759826.34165323
480601001;304486563.4093622;204807818.61623192
480601002;131168751.81986646;91733996.93462704
481101001;7650365.474096734;3845460.243581157
481601001;70088299.14944252;62051341.31790501
481601002;575993886.8355621;358977280.84129506
482101001;135120734.63656345;113450659.15720084
482101002;440613663.4066054;250368975.4462356
482601001;199312819.26370335;139717904.50397366
483101001;65884359.50648028;36777763.24572598
483101002;380599737.52001876;318461813.86609703
484101001;592607014.1745708;337620476.6248775
484101002;149771464.53231677;78683807.35256916
484601001;59010373.06881106;42960623.19024634
485101001;527241148.4370525;282382301.008829
486401001;381427480.16345346;317052002.5228154
486401002;130712609.31579943;87516189.60257219
486401003;55947973.89379821;33241333.762081586
487101001;255452188.85764655;228056061.6278986
488101001;630928113.7853725;440367739.5998952
489101001;587005859.5230377;435633590.18258023
489101002;351422878.1467849;348936226.8937017
489101003;729651715.6793747;465683445.21223956
490101001;218288868.12707832;164051725.54847628
491101001;186168766.34870982;94099164.01420407
491101002;717448890.9826922;408423801.07668674
491101003;203971278.49573216;164926439.01977724
492101001;121514981.82481153;94073227.16549489
492101002;523424872.1769601;296501673.3751589
492101003;256722378.54976618;138180159.46888065
494101001;330835305.19489783;202647397.12826946
494101002;118642978.18171895;96383140.41904996
494101003;483717631.5213591;320888923.14207655
494601001;641540763.2804698;334810759.25022894
494601002;439603345.69523376;279905631.1363892
494601003;391921168.8352939;276141297.5882807
494601004;135851150.60719237;72346365.87038232
494601005;522588286.8982124;398133658.54717577
494601006;227804794.5624128;175084839.6567723
494601007;294165574.87906414;274631794.8183188
494601008;679931517.1728748;345906110.28829616
494601009;893429317.2442621;481773972.4262912
495101001;813666611.8440354;426922398.16022927
495101002;761143752.1262333;481984809.33100605
500101001;457741634.64522487;405363675.46065164
500101002;50809152.936237335;26343779.6303439
500101003;473261147.68943626;340324965.3672324
500201001;134515405.1485351;72590083.43857308
500201002;537031276.0021131;283394794.92827415
500201003;178207420.95905337;118416172.09690392
500201004;437675868.0660616;334851810.1677462
500201005;678735916.6154094;419938019.2049035
500201006;561780224.1969774;461384527.50201094
500201007;289161535.7065417;152183389.9987291
500201008;506864516.559773;284500414.78457254
500201009;84097528.2782732;47515546.0818908
500201010;191800205.30806255;132116706.45610818
500201011;231751920.05056712;122881586.4250408
500201012;454340919.7244617;320958390.0111657
500201013;147857117.23564142;78599401.46594281
500201014;374308989.66138214;266448216.0561847
500201015;535246497.6993099;362950010.41156113
500201016;600189354.409704;421142797.2747654
500301001;468357172.18795717;324598939.36078703
500301002;8478188.561519193;7740117.9619414965
500301003;395708413.7042369;311918492.99963677
500301004;457544257.4804909;237264322.97164774
500401001;182673387.61080042;122275196.65110505
500401002;233509625.08312356;172880335.2430534
500501001;269135464.3075222;239394767.5553433
500501002;291292201.8932815;250743561.1987927
500501003;29137680.869506054;16758698.489086632
500501004;613063375.249306;369040138.0993706
500501005;293174284.83178324;237238769.5190838
500501006;119624703.84435324;80209397.91546862
500501007;865493269.698531;449629097.73743325
500501008;456804329.12153566;373272941.8710395
500601001;411333664.62987006;369097530.62591815
500701001;462921536.9375022;441816120.6982338
500801001;759736367.419269;417025203.28346205
500901001;168150737.32244572;92339280.83965941
501001001;455929166.8247896;449820249.14099973
501201001;192158248.0698291;100217276.6538809
501301001;484552988.64672256;462561818.81467354
501301002;626050714.8652645;399205564.8036346
501401001;817123460.6956278;413092361.16556275
501501001;430074060.4526495;216665925.4294975
501701001;450365964.86033;279175296.9424017
501701002;429230073.7277208;226882239.91240832
501702003;203233592.17584744;123421795.17645857
501801001;205506365.12542072;124308620.47861575
501901001;11212849.08711735;9573923.871971771
501901002;478608018.62642854;264265530.88139096
504801001;146155996.6087677;122829856.11017485
504801002;106581079.31364138;86204336.5367246
504801003;826212227.2817404;477325466.62057406
504801004;291851879.6445354;235169115.68300167
504801005;635958749.5491898;367185906.72422177
504801006;261305537.308261;239522730.3487716
504801007;129342067.39343414;95031971.1295789
504801008;599186878.2673752;315949913.74261713
504801009;935634037.3130535;472810372.46881056
504901001;661324661.4444134;462837716.65640754
504901002;110248028.37696505;64026818.5568213
504901003;570427777.1000131;357855808.6266163
504901004;7965970.623727711;5556350.74685716
504901005;864146261.856501;452914177.90826213
505001001;35374478.66885433;33522111.393178377
505001002;44456243.55645707;24461092.63864688
505001003;385767353.09194994;357742994.74025583
506101001;1217308.3388601742;955722.271357296
506301001;17647619.509395733;9787239.787560213
506401001;228817298.4916973;185430973.22667792
507101001;148467630.13359356;103626314.60849148
507201001;224726699.32849994;152362965.44068408
507201002;145805167.33126494;139496897.57312343
507201003;50877785.0680073;45601433.63552143
507201004;140981167.72114605;71281506.59328203
507201005;443407127.72138214;252651889.03020978
507201006;152769807.57769528;99514066.6193629
507201007;377573140.62909806;306051447.06056464
507201008;320197692.5962345;273997609.27783066
507201009;518491482.87752074;282035144.7309993
507201010;514904474.28031194;379756850.2311788
507201011;124120202.10566732;66062845.8771921
507301001;248562728.3264155;146922143.48183906
507601001;722276942.7370965;492138764.83774585
507701001;8928854.361939605;8151302.053638278
507801001;82274036.18361683;66432820.32404223
507901001;740418172.9749602;473018782.5928551
508101001;263757398.1544178;232063891.2317673
509101001;36620401.003338546;34214404.77320106
509101002;36060140.187072806;27457513.64900559
509101003;130730700.4698796;108343977.9659443
509101004;493700765.29663754;255477480.22007906
509101005;661277945.5246029;473700276.86878794
509501001;145322980.4184438;82843924.60274677
509601001;434588294.5873994;418678554.84365493
509701001;299434059.93278366;190567472.84731492
509701002;886394303.2181157;490231359.06002706
510201001;186136930.6401637;123409633.92513931
510501001;825063205.4967604;457328369.69999945
510801001;799733815.1089572;455437504.8138575
510801002;309378062.33498424;242379224.549546
510801003;787420824.9677819;433044906.415851
510801004;220020465.74291104;162010893.2744782
510901001;455353217.33282584;270698720.1866682
511201001;415802928.1565705;333907193.64092255
511301001;745430817.9928901;390183896.33833313
511301002;794454990.7192825;414387014.8372512
511301003;176047739.04145423;172455961.20193362
511301004;45057138.33599405;26014917.294442568
511301005;783127990.7703366;499776829.09785795
511301006;501977923.4635127;359640066.412252
511301007;624068377.4337485;417523201.1133622
511301008;26051647.52371741;23085718.803467225
511301009;570170215.2627823;433535435.4640463
511301010;536493399.61520845;292186336.6175014
511301011;184506432.57430732;182846897.80117655
511301012;61800976.570647605;39437106.82542031
511501001;464237581.78109914;274708646.7861832
511501002;698249946.1951195;351049541.2571045
511501003;321252643.69536227;283424748.6902464
511501004;415019416.70131254;297863038.5899882
511501005;170350433.01636893;163558259.0016972
511701001;179382184.869115;101168803.30855547
511801001;32019753.69338241;26020103.944478977
511801002;581242940.792702;453486917.18174136
511801003;806119538.9124362;468210538.28426445
511801004;850720462.4806247;450826255.9139387
511801005;39990055.66960022;20347675.273045834
511801006;463665365.01102626;265648947.52316678
511901001;948977100.4955847;499367202.3030896
512001001;136125063.58673626;73145070.10129908
512001002;581049193.8894839;295225359.9934243
512101001;573821401.5860527;316066742.491634
512501001;833402365.8538907;419589747.97737944
512901001;751514718.4715818;459595654.55802476
513101001;487490813.9440257;315826243.8129651
513101002;512064310.34662515;469524765.3500819
513201001;52496231.33860775;38593840.667060874
513501001;881300803.1806896;491920484.04361916
513601001;566254941.8189332;359617825.48433137
513701001;461100748.71802443;241964023.25526
513701002;262083155.97892946;158000675.34103018
513701003;30388830.36266755;16063553.666996427
513801001;234050870.9944673;189196027.94877017
513801002;105555669.39440773;56849950.78459497
514101001;85785598.64458781;79135975.78015277
514101002;287499699.18075955;149064296.9665142
514101003;491322382.0473519;356628340.64304185
514101004;720484995.9113271;438028905.01694226
514104005;201476297.38973936;118483701.88889934
514301001;163923115.90957633;93860264.37486741
514401001;308014208.5511946;210354178.58571804
514601001;259954374.7361363;223236003.21214357
514801001;490376086.61981434;480282613.82342255
514801002;406634532.23431164;382831288.3458422
514901001;117316804.86686096;60009792.918252744
515101001;265467536.1428669;214246052.57398096
515101002;190727087.3822624;174545309.95063183
515101003;557007055.701942;368102354.72762513
515101004;339162171.16924644;293755484.2188693
515101005;356635174.96195245;189891863.03716722
515101006;346336705.45909506;211124744.92106828
515101007;191157116.41466418;169431672.70185882
515401001;604777390.8949809;456110489.84200746
516001001;632174936.1249366;318446515.24523675
516101001;747900603.9745535;435058151.33977294
516201001;290998116.31459993;147094376.2462978
516201002;678957965.3730116;428363779.85078514
516701001;162732512.34278578;141512058.95819613
516701002;769661623.90612;465137225.55591875
517101001;151481988.824283;134311245.956614
517101002;540742262.3869953;461862615.75646883
517101003;74989334.84683298;74903434.25733219
517601001;21211564.11538247;12673623.18912538
517601002;222129067.68429214;139939175.4015959
517801001;633701036.6689019;412593333.019929
518001001;150897251.0938396;128898696.23190992
518101001;220593393.22853372;154464911.95001867
518601001;189147185.52586126;142704207.22501373
518602002;785282528.8208907;469239016.5676459
518701001;710068822.2753875;402127196.7622879
518901001;144129306.5556383;89489141.64953038
518901002;439280670.5026471;267944074.10950404
519201001;96146384.74874948;58924342.215379335
519201002;487149827.59219027;263195567.83400425
519201003;141528976.69558913;113019433.74767642
519201004;370700614.68132037;321239719.66348517
519201005;160242622.98405188;81990054.50831413
519201006;62694982.860956885;46368346.37379487
519201007;645468625.8074661;371239698.71746206
519201008;463198486.4448849;401829395.7034979
519201009;498670525.64866775;379098826.51309013
519201010;472779494.01527536;321924197.85366726
519201011;387022237.61270213;303391503.38951623
519201012;22030259.908128142;14666338.910077471
519201013;114706642.26533057;66952441.53754421
519201014;710208553.4803686;357755539.8963546
519201015;37411363.82528478;33250450.23258212
519201016;488037638.8321787;346512493.30577594
519201017;30719920.54187469;29038452.799715064
519201018;312778305.95786834;256972290.98377132
519201019;208916269.6425922;157142886.12603068
519201020;22818026.703239366;21075366.72004777
519201021;942342689.5039622;512311955.79011303
519201022;50727008.84131798;29254915.544596065
519201023;219503244.1994709;191398022.60642356
519201024;711091405.8535627;383301955.6312134
519201025;279923297.19561917;192058773.20867562
519201026;804200528.760516;446798989.46381986
519201027;524190210.34820426;408940190.9443392
519201028;579585286.5046114;295795194.1496693
519201029;302227146.6677285;240842844.003829
519201030;361269390.68631244;186800753.3401081
519201031;675345607.351826;497945415.1174568
519201032;506478973.9488582;277688996.6100538
519201033;556132280.6457993;472382038.4921409
519201034;401675802.84514093;237587422.96768248
519201035;415245030.9202561;287495169.55590546
519201036;552798175.7434173;324525513.70958143
519201037;358053120.3165259;302393773.99999166
519201038;243548043.1062599;158219510.03402704
519201039;273155564.590608;240602368.66291043
519201040;449167538.82631224;332860678.24387425
519201041;52743580.27984992;48139289.659672566
519201042;790627546.5608629;503419856.4425562
519201043;213387480.10780847;147725272.72225758
519201044;425903676.319239;318479209.65219545
519201045;310197504.5070056;260736588.87830663
519201046;493573931.75127983;468885180.1714206
519201047;27423406.281730507;17266470.308980867
519201048;59124902.57618176;36339227.07768046
519201049;317888369.5958262;179820504.74544623
519201050;122468441.57347968;119392834.3782443
519201051;139910234.70535633;138626707.93621644
519201052;108113756.46399741;60980702.451846816
519201053;444577775.6207405;262686558.01174167
519201054;311391084.2025409;195827433.0226727
519201055;742194598.3093375;490446854.2256476
519201056;212186463.2340489;183428125.47708288
519201057;506186654.17714816;482305572.51952785
519201058;14454956.15359842;12673199.810047299
519201059;329141180.1413615;284414948.40801394
519201060;307707593.5463879;248151710.53782606
519201061;406473241.3902021;310138789.553541
519201062;483647089.78611535;373340822.65359825
519201063;301330334.3837423;176383807.67027652
519301001;42017374.010035634;29365476.687809203
519401001;783715357.7058814;400775343.3376961
519401002;389874948.54973614;300761665.49833244
519401003;496728854.38482535;422257580.0766508
519501001;258043417.29061767;148613973.27036378
519601001;833680359.6742227;518149247.9886042
519601002;331107139.89118373;328690494.01621646
519601003;749845216.089599;446485505.19921404
519601004;249269523.7387344;237470485.67079303
519601005;492993054.07641965;428774196.5372516
519701001;394950372.38453585;265408855.13065836
519801001;618305611.0464791;441647865.89074534
519901001;689345721.032557;375551382.9089682
519901002;809334667.6246246;466898075.7983695
520001001;768724201.943657;393645055.45055467
520201001;460728184.8723267;374989362.2291485
520301001;102403058.34820792;100514614.37434405
520501001;593184238.8901873;387027022.1816794
520601001;847941419.3388177;448692382.97087955
520701001;552054713.7627064;367502519.12281567
520801001;422807058.3416529;275445003.7461516
521001001;399739673.2238247;384263193.1518242
521001002;398771718.58644104;322892596.40574056
521001003;358137293.44362235;275417423.6849453
521001004;345617119.045953;291240795.348072
521201001;171442385.9213628;137389046.86107436
521301001;30387702.19260018;20406323.073432762
521401001;422423870.9770312;354647940.0909856
521401002;104476361.61234362;74645499.54369144
521601001;10299675.463959696;8728579.098590028
521901001;387883374.0126149;385351066.14146173
522101001;844452108.6576308;432179325.92028946
522101002;477384245.6858369;289222848.64705706
522201001;574159283.1496884;470963554.16468155
522501001;204073650.9272761;134679587.6318397
522501002;850674559.4858478;521429871.168214
522601001;577021572.540378;364141323.0097
522601002;49800986.81135275;46481941.95301212
522601003;707542249.8994331;452858831.12042403
522601004;197306275.6732138;148365463.21624446
522601005;5193061.941576662;4906458.835763614
522601006;508874072.63364035;357545135.71394205
522601007;450032479.06731945;301982029.7052383
522601008;41014667.793124646;31289810.301559787
522601009;557836807.2959788;521573557.1242052
522701001;346468071.1223849;300601644.400142
522701002;257435461.70974955;245929454.70731294
523001001;102566144.34542368;54414866.40793221
523101001;64369591.71827259;39113126.53870027
523101002;552501631.6845801;506223666.2188342
523301001;532864045.10865545;490777042.3550685
523601001;346164398.09334064;236763514.63706464
523601002;398711433.2558817;287641732.58221906
523601003;223901690.11966446;206033225.05551574
523601004;36386018.984556414;23379704.671612278
523601005;884677195.4749969;484479281.7761103
523601006;170244656.36163896;106231785.63625854
523701001;239790022.44305423;148615283.56085658
523701002;595181316.0412321;345252715.97028077
523701003;423045094.8394636;303864011.74441075
523701004;354588743.16729736;348436648.4999049
523701005;223089183.29534712;184297208.2543888
523801001;482106041.14462715;471156149.91831577
523801002;313018973.9932235;295694814.63510215
523801003;917060651.841356;517597117.0520026
523801004;63577392.832583606;49437307.30289188
523801005;464940915.0699781;451199013.1971696
523801006;489970734.6018477;330392378.81284577
524201001;598338445.9745898;474015743.2669674
524201002;657689101.3471932;399707931.73255354
524201003;114016520.68997064;59917954.46660012
524201004;379543693.4369529;231715241.14871383
524901001;828827069.9733123;441467441.05590373
524901002;48395156.26487761;37633888.10320073
524901003;537924570.3907907;388885721.7759328
524901004;623339083.0963649;322475457.5263912
525001001;497259198.10844916;421942429.1575259
525001002;266395190.10555792;229755813.2735961
525001003;14677604.0610654;11682935.300661165
525001004;295460481.72962713;204562500.2418142
525001005;431585719.2583784;293792194.71448636
525001006;441389229.96044105;304720762.72116476
525001007;335256979.01020324;313681052.8711875
525001008;359856992.0947979;343036504.37157553
525001009;326326940.6850919;311738891.1028106
525001010;470935345.4257299;277468174.6001198
525001011;735291062.7059623;464943279.23600525
525101001;622387542.1615646;347328454.06656086
525101002;304891931.2993837;292588371.2414203
525401001;825850120.7092304;481726425.0989963
525401002;380832103.2326108;296585321.05778146
525401003;568505177.4658458;323218116.6550453
525401004;907692763.2605685;524562028.7744356
525401005;492183397.2573192;252024636.0303297
525401006;101139751.68144676;52847080.24559652
525401007;264392942.37480178;135684475.24779075
525401008;513101427.72510654;409734086.7354279
525401009;419659536.91380584;268013691.3328542
525401010;329204148.07334286;321267672.88429886
525401011;123457413.91490936;106446829.5791222
525401012;171157059.87770846;95216806.82098022
525401013;549663389.6864173;479963961.7001685
525401014;172975883.20881486;141509872.8977088
525401015;371598255.8624688;266749432.00126392
525401016;465377922.91863984;415602427.9486236
525401017;538666717.0529566;426701779.65590215
525401018;517687277.3846774;307410993.48045003
525401019;223067150.30423445;148388450.4749483
525401020;124560142.59206901;92487604.21890172
525701001;7880814.201464878;5957600.24480385
525701002;744170738.1498243;398291303.41282237
525701003;290679548.3155561;145534951.02723438
525702004;340465608.1445785;188360332.2263639
526001001;407521321.5512285;237222883.38424796
526001002;98857629.06494243;57435786.281168245
526001003;447033388.6661375;432685892.0473392
526301001;176239515.44660088;148537270.64574817
526301002;497950760.6421114;324819710.23605895
526601001;325792356.0527984;278133465.03346175
526601002;402182660.02036595;390238787.05748355
526601003;557011335.581538;345017721.73544866
526601004;343694578.6645117;307674613.7785723
526601005;309957002.0715149;282270413.8695982
526601006;284373351.21694654;267326327.7133602
526801001;119376575.27157229;68465206.00408484
526801002;143943668.16067597;94377414.70499805
526801003;207521355.25990805;166624584.82014504
526901001;395697719.1318988;258845121.6380364
526901002;367409233.91824466;358428870.8342575
526901003;145712808.41957828;84480752.35041796
526901004;222691506.05798966;144685921.6040456
526901005;361587431.12047404;206653824.64145407
526901006;197056834.68266067;193487426.26163712
528101001;617258552.7610465;441511117.75609535
528101002;124336084.67442247;98596802.74616364
528101003;580848016.8746289;349205541.1096291
528101004;364935290.0816252;270659584.89801955
528101005;753601144.5448406;485886214.88786954
528201001;410030480.8747199;221872105.86973882
528201002;361370975.4487599;249973468.91050223
528301001;356780824.46235883;225166874.0394596
528401001;720887765.2933313;374335946.47636336
528501001;226601979.30047607;191075960.32617363
528601001;532034964.6049853;401827273.57414556
530401001;403416614.90451545;333049640.5352453
530701001;2229914.518474794;2152544.306884267
530901001;430662967.9001145;215392309.62990522
531001001;304754002.1382058;176002056.86446542
531001002;481369567.7779933;267949094.5169769
531001003;537114565.8330021;308306874.1308651
531501001;419440873.3545948;269917723.06787694
531701001;607506200.8706688;352810233.6350038
531701002;602806124.0003908;319376314.20339954
531701003;834882243.7898674;458098669.8456203
531701004;31260095.90920069;17880268.375766397
531701005;498802390.5056171;304808699.0163136
531701006;437813976.4472747;289629024.52808684
531701007;608736431.6767255;417838728.6020729
532301001;649360187.6891825;343977893.6390369
532301002;764403172.8607063;510779788.2962748
532301003;343452755.8957221;212104227.73078018
532301004;599447356.8337579;397780861.730754
532301005;252066388.1458131;176957897.7670263
532301006;136351529.86928284;83103599.46644089
532401001;204677636.3246926;139516689.42112556
532401002;514676683.3822153;417456695.8513107
539601001;401359034.0114883;271102397.1226182
539601002;655465355.9261091;418829187.0276432
539601003;214807365.90616557;108866074.5958141
539701001;209991165.2512478;176639531.00049672
539701002;671842904.4920766;340207221.7536947
539701003;314637435.3826777;178719133.45266366
539801001;578782728.4521248;413267343.1188223
539801002;3678577.945860708;1980488.8958641074
539801003;690015260.5731432;402560564.52578294
539801004;126115542.09537221;87184631.7672615
539801005;760822342.664827;477778951.2710379
539801006;43838232.94077548;22748051.591636676
539801007;193789976.17459217;168653251.79468754
539801008;102145356.35824859;60642134.21820834
539801009;712209150.58189;467724180.127548
539801010;155768682.47872117;147465347.1759254
540101001;665916425.1077403;484311658.4112062
540101002;319145062.1292348;281016303.6897222
540101003;28009576.265223783;21864533.920371003
540101004;439280690.02748835;403306027.8592686
540101005;214641626.61464754;191021280.13358748
540101006;183752258.56126586;105144766.00613903
540101007;149290698.13145563;125369834.46009721
540101008;689578379.1737996;461367521.35171294
540201001;466730424.0457501;253136352.492856
540201002;322929274.92070526;279059871.6500028
540201003;9464567.405413449;8094529.906147631
540201004;426528055.2106207;253096491.96000138
540201005;643911161.8417829;366200904.0663873
540201006;474481769.7061513;326423977.8397121
540201007;5271831.977651608;3994725.1268114643
540301001;343213355.74207217;300042871.0165582
540401001;374813340.7740514;197876901.40948334
540501001;407805710.3589304;298145434.68950355
540601001;522067641.9832228;367733507.5852492
540701001;174802197.4384982;149388192.42412972
540701002;981593012.3166687;518420829.3873475
540701003;65344587.91579743;44891342.92835079
540701004;599310256.3585588;460636022.64603454
540801001;54969105.58163244;48541713.35341426
540901001;214554543.1337244;156353196.62985852
540901002;517493708.7374518;479447671.849154
540901003;220881193.1854376;179201555.84983698
540901004;533792908.3921529;356600223.8560013
540901005;66720.10716536689;57098.5423590406
540901006;824653616.1182063;471841822.9135449
541001001;658569245.8160678;458202350.9702861
541101001;315418736.638228;171688197.84686616
541101002;859012066.8446524;434152706.4363716
541201001;538414424.9873337;288227988.63393974
541301001;645736532.7895155;527437560.2316014
541401001;260172912.50934672;138180743.55505466
541401002;520219562.6959371;306678147.16116756
541401003;652672993.7070949;429491504.95090383
541401004;676518189.0933696;367511970.11539733
541401005;278141544.8795649;191526635.0503052
541401006;1042243921.2644697;521794248.2005792
541501001;886466035.1004994;480371293.0802468
542101001;372619097.957027;236072385.7427547
542201001;307566240.5445917;174762817.35063535
542201002;446925775.5340207;421430185.8036111
542201003;69597730.90209319;35401674.96044882
542201004;197379207.56105947;101165813.69056508
542201005;653304749.0150181;470351305.0429709
542301001;357115638.5622243;199722155.60941058
542401001;89546593.3077225;52853521.38588019
542501001;349692443.7680674;297062074.60350955
542601001;82762288.43776922;75829205.15955393
542701001;173706839.19659993;120380178.35953368
542801001;105867104.10283507;59357618.94371133
542801002;271913886.82916075;150979499.7225325
542901001;706343712.8038503;402286677.7607435
543001001;209644119.40563276;146843958.5645196
543101001;13394818.888577055;8798426.904323338
543201001;280023843.4570213;196706127.64893103
543401001;807174628.6961381;446404336.10692173
543501001;651291434.1297997;504333409.74825734
543601001;69596192.3975489;38960729.431855194
543701001;579141916.7825078;395526614.8097755
545101001;311612244.2675418;218299161.57181862
545101002;598386667.0401434;459227356.3417346
545101003;299500238.85276014;272461952.3820867
545101004;610552759.3697914;495803670.9824772
545101005;492524253.5549743;272491453.66552025
545101006;82677987.97864458;41524238.25166517
545601001;420069065.36245626;294438657.6989451
545601002;788521439.9726952;512061047.73850805
545801001;306742827.83923763;220406152.6310125
546401001;43843576.66508954;25714364.491301447
546401002;487244234.68823266;419747610.44301194
546401003;764699746.8620436;493614225.47526556
546401004;486168335.3201305;296652884.23271626
546401005;484251345.8720515;315505997.4475582
546401006;332205277.3921267;228902565.92102277
546401007;482367183.74582016;279408984.17139196
547101001;177865791.68548712;143260985.9187911
547201001;342114720.6439122;270455216.2621915
547301001;346166189.7549121;259782923.17784482
547401001;489426780.82759756;323705139.56061995
547501001;384227452.7088359;210521228.52532956
547601001;401986924.11198574;302887046.4265875
547701001;632309404.0321507;430655325.35181236
547701002;329602853.79553926;199800674.4869935
547701003;28826621.64070243;18214678.246794205
547801001;595395224.8251363;325683741.71847045
547901001;387791360.83683634;263594570.967417
548001001;218544038.24769914;186960995.54306054
548101001;650913549.0784501;371770038.31543064
548201001;251961052.80074036;172164975.04521602
548301001;71533565.58611917;45766814.04053635
548401001;480037142.5529962;322592244.827967
548501001;297021376.68949634;237136751.6943914
548601001;354990959.8410126;289579565.45037895
548701001;101234631.3582507;63165762.80865891
548801001;665186310.8928653;478365353.84674495
548901001;29532467.33107146;26936596.566710796
549001001;272652985.9398666;249548688.93459722
549101001;502408857.55104357;256620593.9648014
549201001;308931540.14913315;218371432.51610348
549301001;323180603.8475045;310815785.2544392
549401001;581277899.1628008;416382345.3940951
549501001;583094154.1945727;388656840.2481683
549501002;1070302957.1782867;547725687.1864954
549501003;151818136.6636391;96898551.37690511
549601001;520488014.99919343;432015988.761199
549601002;374733793.3505947;214328630.1014199
549701001;131148954.59299685;66973770.066260815
549801001;552736202.0158824;299504715.9991503
549801002;497213951.09672993;483075102.23589915
549901001;555315092.8713853;460877018.8268923
550001001;364952864.284943;202971855.95132697
550101001;121458058.13506286;61329507.173113786
550301001;261869976.35889524;151469578.562506
551101001;943927276.6138138;510462850.74559987
551101002;277218721.19180983;219384882.69981524
551201001;409516511.47655493;251539336.73965853
551301001;65433849.018884726;47374414.9782476
551401001;202501376.79791787;129731750.72623089
551501001;640696113.0950083;478133453.96697
551601001;50374104.55997271;50274425.40019036
551601002;376552858.1054838;346608147.88926744
551601003;167467277.6250159;90356923.93797591
551801001;565490614.9197304;365648401.3195464
551801002;145333717.30196962;78609109.26290064
551801003;556963834.5370445;523137104.0355569
551801004;369573038.6865389;199803670.5451713
551801005;345195030.6993427;242250620.63826492
552001001;988148701.2254423;536046371.7299738
552101001;735958363.1795956;397624751.7767792
552201001;372124490.70128095;345916056.7234725
552301001;807369340.3875706;450783082.2848687
552301002;16899103.93474294;9411457.285998136
552701001;91710204.73999728;60998427.3148793
552901001;494785222.42870116;347482768.1541284
553001001;374137693.1799469;198710962.92669934
553101001;79818658.65950057;47450050.89521109
553301001;496324249.1525788;496095712.1669912
553401001;515604604.40031195;299283200.3118384
553501001;410625406.15431637;248274207.9583731
553701001;404845331.0378751;248165406.64050272
553901001;102138085.58177643;84263535.12029064
554001001;629190128.0750741;440132164.16481054
554001002;285231697.8282805;143087543.96469083
554001003;302641026.74431133;249899899.9078932
554001004;618017629.8822292;372950294.42054945
554101001;418591518.5833634;404343024.9454381
554101002;407914194.0619437;242578184.34530392
554101003;67680168.62471272;40651640.309108995
555101001;855834358.5785478;442943542.4698556
555201001;257020337.88198817;128870648.04570782
555301001;641353092.3071518;367772613.3308148
555401001;485647369.45806473;254327997.761061
555501001;338265009.84365964;194925553.06938165
555601001;454066304.95159584;251402207.39473116
555701001;315264217.4912384;272032031.9073874
555901001;187118572.71378338;98147401.58874501
556001001;206415920.26236242;122259365.32611477
556101001;731960921.2456751;478552875.21223474
556101002;111673995.85774302;55969564.713954434
556101003;324314072.5749693;163881181.58410153
556201001;723133129.2017384;464889427.7815687
556301001;360937612.4589249;274933553.8224113
556401001;74675919.50971946;49091896.64135341
556501001;332590496.18531644;234860215.5418171
556601001;397594118.2066354;257684231.39730138
556801001;121107414.33362792;95893052.40235637
556801002;676794294.271393;495836038.94612783
556801003;289624131.44463676;154537923.02097467
556801004;369488728.6399856;188155307.13062695
557101001;322673680.0288643;189380326.38520312
557101002;6132588.431681637;3604165.17217059
557101003;678194861.1042848;376389704.32693267
557101004;600444499.7118611;326844935.6806419
558101001;782722986.4106954;452146963.14478785
558101002;624371234.6962804;435518335.1544574
558101003;891797882.5939367;490573776.8926584
558201001;415163666.6633953;391894354.8698487
558201002;286491523.3073019;208797896.8783245
558201003;431665413.74192274;310158583.41703546
558201004;226307237.85045266;131826351.4108377
558201005;609873202.6524137;519933261.2445896
558301001;790939950.7820095;544704441.9753853
558301002;152285058.4316805;83941620.51782832
558301003;672996185.9028127;339221353.57375115
558301004;259334783.81726587;239342341.69222707
558301005;238763343.23864093;167787900.69564041
558301006;949779892.3840481;522857352.0558703
558301007;55651736.09579612;35924352.57743494
558301008;231828164.5644739;147031564.17108852
558301009;366965808.1107378;320000489.308504
558302010;201978644.15913138;108504888.48240145
558401001;10576974.354395794;7632659.062510526
558401002;15233516.499904174;9839339.358087447
558401003;659307788.5826305;486174523.1154803
558401004;312476461.84250313;291305863.5294024
558401005;289934520.9044789;198250833.78461805
558401006;492068970.6418916;252322757.04200348
558501001;451530182.873463;347450811.78876793
558601001;623413215.8072634;377977748.66648185
558601002;340125228.00261456;304371146.2289074
558601003;427057237.3516521;330766874.8991702
558601004;485470529.76416725;265908236.72429267
558601005;48871530.43803347;39165669.31493576
558601006;259290521.94605955;133738041.59512082
558601007;391788682.01840806;279112728.7771651
558601008;864707500.0260724;454426868.9381591
558601009;100264230.56347659;57955299.87366428
558601010;437591593.1238187;238092417.0256664
558601011;630329706.6841285;494414254.76842797
558601012;300153440.3394795;256830570.08950007
558601013;668496220.1382425;546832834.1402026
558601014;292283525.14568615;260500627.0138963
558601015;663027876.0091704;357388995.8296793
558601016;222267926.4861424;123363805.56336865
558601017;81901278.78305008;58054783.03386436
558601018;552601713.3172;318395941.50258446
558601019;167969750.63827807;111623225.71982034
558601020;129283992.00574094;86817836.48845677
558601021;375952870.4525629;256567683.7972341
558601022;707606481.1437807;432080690.0743164
558601023;471820409.7092129;239912410.45954362
558601024;243339562.44243792;232151375.48074263
558601025;547680393.7240455;447994131.28277284
558601026;830674551.1040905;441656986.1204595
558601027;113097790.66756092;63269369.37255073
558601028;259742868.9317441;154632947.18664947
558601029;722762518.2266427;470507704.56556535
558601030;797596679.3156892;471341206.79275465
558601031;226633847.10714734;179498567.45807993
558601032;172977378.0365093;89102314.97389314
558601033;721613238.7201555;549845059.8762689
558601034;133086254.32239453;105850134.25187339
558601035;38218324.3019459;37556116.860487886
558601036;394152587.4860248;217629985.49435654
558601037;370856989.8725578;345211614.52132815
558601038;972047174.90685;542024183.5319486
558601039;652302066.3887528;426528427.6634106
558601040;494791692.00901467;346704965.8078411
558601041;148114168.71255818;97838886.01073909
558601042;123443415.47465397;122679980.94474426
558601043;514651789.7627119;333215753.4666353
558601044;356409978.7597878;239678077.49778694
558601045;810824695.1128192;490207583.89114624
558601046;333881060.907352;306170220.95424503
558601047;79062453.64867714;47367191.47468737
558601048;258028243.429066;218975776.24258044
558601049;383684354.2705093;237783671.64203024
558601050;846076087.4729037;498553653.0055025
558601051;752313297.6753632;507697134.0925151
558601052;389484743.59157777;256971328.1879787
558601053;603979985.1868806;435093509.44215554
558601054;656545189.847707;341816197.00050056
558601055;746419468.2098527;548641630.0031512
558601056;626485574.2622274;372846485.00228864
558601057;807798474.7533855;440678043.55169207
558601058;181504539.63938093;169516063.64945447
558601059;1004173728.1288463;533554576.5829489
558601060;48333405.3135588;35350296.95555913
558601061;120985302.6531835;70017170.2542302
558601062;401512934.0930833;373385534.0662249
558601063;730992353.9961832;488752684.2674247
558601064;416533179.6381299;286715439.9308311
558601065;990589193.7424212;505418682.9323586
558601066;375986290.05037266;226016382.02747914
558601067;524297347.6930363;292326079.85402757
558601068;493042928.8898551;265798893.4044132
558601069;263402939.77013618;153984136.93773803
558601070;584467889.2660123;488131465.4020427
558601071;472711339.79278976;317099622.92912555
558601072;119828918.45419094;78547332.98987864
558601073;320644225.9783802;183875946.57586232
558601074;1253182.33489863;1188365.9524338492
558601075;278951503.31120104;192659080.9916802
558601076;233381226.68491465;129868288.07001063
558601077;447869114.1508831;355010945.4630838
558601078;432581303.9728588;261241119.48833948
558601079;566493501.3536804;284396696.7210594
558601080;406635467.35332084;289400731.0182102
558601081;467121983.74694973;308255375.3775561
558601082;816917781.3994877;500720154.52788496
558601083;524576346.5617161;385416511.8094852
558601084;304706659.6022455;171656964.39904946
558601085;283506468.0598994;194696670.1953919
558601086;339890214.8417267;307546333.28938055
558601087;644731008.9087147;400950829.10351974
558601088;378279257.8001508;253750377.59349582
558701001;365218171.1104881;224352358.52759936
558701002;560182813.8665402;301846951.7393724
558701003;638113943.3724254;476435285.4942723
558701004;479515509.0759203;247880178.9291261
558701005;610992972.5346036;497557967.7225699
558701006;603785026.0070623;446326625.7924111
558701007;987098763.4961034;514320693.4015052
558701008;397403287.44071376;214713041.0470209
558701009;611229527.6328402;348031017.93880653
558701010;269560440.05627525;243763535.04403728
558801001;257813533.15206504;158167018.41422424
558801002;117900041.71077448;97638414.88931456
558901001;558531462.89521;295324350.08673996
558901002;590774952.0365815;409958581.0750946
558901003;885016660.5666597;529360078.5741644
558901004;597998636.8776993;458623526.75125265
558901005;199912422.29312286;170711390.93808925
558901006;533305843.2452096;322719199.57783633
558901007;139394949.0639865;87997326.55445357
558901008;367648433.8777821;184229186.80317125
558901009;389128387.7528527;237841331.94916263
558901010;646665476.7833481;491336716.1003312
559001001;36679302.05441182;18925349.82022398
559001002;428435821.13108623;370301420.9734489
559001003;676877942.3726269;396227794.72484934
559001004;562772640.365698;357424689.96218026
559001005;181478477.99139327;103549555.78630674
559001006;300079476.20464015;290456035.9579818
559001007;465711169.52506375;304693789.9222162
559001008;187846832.72104335;142959408.8252432
559001009;731294610.6203842;422574324.21937686
559001010;40126468.656276956;30238404.199493
559001011;752962792.2554106;392154456.8806598
559101001;543507844.7995191;275628280.25536656
559101002;552324942.1199855;549340234.6701797
559101003;426618476.85687476;399226014.2691356
559101004;357771406.0734498;218510864.7884895
559101005;263445357.01537722;152482481.8218481
559101006;582724446.8367889;485315583.2797347
559101007;28341628.46512123;16081934.942097807
559101008;36671964.57641569;18673864.4470803
559101009;539186454.0999244;477331391.8861514
559101010;367898208.31857175;349254661.6553439
559101011;741399590.5532118;401130816.88363683
559101012;422556785.9839653;366436751.21733034
559101013;269283257.5560107;142966023.92757368
559101014;94639798.36549965;80474552.90939274
559101015;18679985.170852818;12043765.561157173
559101016;217749543.2283744;111188398.95431364
559101017;720134963.0744607;471533444.53493214
559101018;985310425.8833476;534757898.86567634
559101019;469303562.3866888;386306915.4344366
559101020;252113826.75649357;178895501.77948397
559101021;180463247.25217995;131419587.34757718
559201001;209987970.9304164;180712188.03734863
559201002;826486880.9052742;516371714.6433855
559201003;628860616.393203;427698549.0819552
560101001;104718279.45367326;64723300.1878037
560101002;769136217.8723392;518347435.78630924
560401001;109865389.40649754;72183992.50080061
560401002;436259978.1341957;254986244.02663192
560601001;98036343.93766297;86080695.92801176
560601002;483699473.4636617;463145608.44091684
560601003;315562266.87073094;165530690.18530092
560601004;963406492.1184314;517756463.95788133
560601005;966267989.837408;528752421.259048
560601006;291733055.5328199;232737333.09213006
560601007;103695440.99344862;99574688.03408282
560701001;639708328.7588336;557226666.2171417
560701002;154677177.50623897;87370326.27851021
560701003;485773643.26269984;427585859.37335277
560701004;852477624.1120377;468044273.97070915
560901001;453256917.187554;261162414.61131325
561001001;407945398.16498435;384989050.2748618
561101001;691737298.9686929;461626404.0822493
561101002;177118390.96915874;96053297.1526142
561101003;570235112.7393913;323643049.90053415
561301001;583895741.1684632;555602018.2841853
561301002;652680597.5656189;350860074.3188829
561301003;191969473.711244;156089261.87120995
561301004;117174859.53345527;77500658.13292399
561301005;134991102.17796052;131156060.66972953
561301006;921098098.3838874;547372540.2682
561301007;271942175.72316897;136623844.16885054
562101001;684858534.8685603;359826667.78008014
562201001;109463401.72748807;93025831.1245474
562301001;660781501.4272366;364655375.444851
562401001;548041142.7835569;459287933.28627074
562401002;509058812.11773217;422440613.43303007
562401003;945382177.0593815;514431675.79798335
562401004;702363679.6456349;560999915.0851188
562401005;366118795.16198593;183698208.83576173
562401006;422801268.6745755;246003993.60837233
562401007;619008726.3974383;404923142.5113784
562501001;82275841.39550608;52464630.51728174
562701001;303612228.69235986;257510353.75738785
562701002;885481125.3277235;475351532.42383397
562701003;408356658.1762679;207461010.87514395
562701004;448529432.9772661;334100676.3920372
562701005;214943317.69710237;160190713.43848896
562701006;315251338.45889753;198126989.66436976
562701007;778610964.3482121;458638087.87670213
562801001;580469181.5434682;487575089.32713056
562901001;763625470.1773984;475153604.1956758
563101001;333523270.05082256;188558156.50654987
563201001;311915861.48415095;190180542.01919827
563201002;645101522.3054439;463762939.4968189
563301001;677896027.1158462;397616978.09532547
563301002;241152119.13418582;138911312.09664634
563301003;207430316.58408272;129448802.27442493
563401001;600511037.2760907;407623396.9996831
563401002;257194977.2109193;133514280.45523025
563401003;665433257.6214762;425922412.55522525
563401004;147431282.6072949;107800828.69879033
563501001;304792012.796502;258548824.521641
563501002;720434068.3525751;539971022.9560096
563501003;106582925.06951529;79936792.03744254
563501004;126440562.60888359;96873097.89447874
563501005;91829205.83256716;56291278.02103997
563501006;252931197.17918095;215774006.70283973
563501007;218952625.06106162;188183187.04573712
563501008;101498965.34257579;51707096.93937704
563501009;788008638.4550027;444669841.96010435
563501010;571212972.6569574;303152056.8346798
563501011;799992252.664133;459201823.7678605
563501012;286680690.6901118;147884031.24752358
563601001;607522577.0882431;426392065.2890992
563601002;366819067.1839918;230930396.96896276
563601003;166685274.24597925;144636322.03526062
563701001;738879783.3848757;497314756.8282641
563801001;43455159.03531364;31707931.980830822
563801002;338969831.9658573;189244373.03123623
563801003;46221501.36057911;41789593.26402704
563901001;24813143.29808079;14314962.918181838
564001001;405457123.242602;280092975.98372805
564201001;284128159.06696784;220685698.17935845
564201002;703974557.2952485;394178775.70506966
564201003;689896521.7752793;422962497.698401
564201004;705485658.6605264;404118950.72226375
564201005;133015281.5298061;128250900.71986921
564201006;331094439.80810654;195308767.5719731
564201007;737438139.3934503;512551974.7111384
564201008;539322930.3203051;530206606.3798095
564201009;627114070.714257;376610813.2260474
564201010;239101210.55703098;120194203.89759581
564201011;130099462.748152;110710305.33023818
564201012;43524692.28259948;32737756.405383192
564201013;132813014.6545905;88333396.69172697
564201014;599657967.5453956;347318857.02218455
564301001;834542499.7868823;476357016.2302962
564301002;448603661.9074635;396127130.3320916
564301003;798552405.8452272;517992739.18109936
564301004;502049014.881777;308254655.4040533
564301005;810316279.1731534;504834614.6602659
564401001;226826030.82477495;215942400.18340063
564501001;430282776.8734552;261635522.17440477
564601001;22990342.767415185;13473472.800774034
564601002;77041688.36093718;72771044.24404866
564601003;620577700.6728845;441528614.20877075
564601004;110053524.79828861;102699039.95066811
564801001;534745002.3585849;365979397.3546026
564801002;266856933.95057288;168675056.37776196
564801003;548071371.3853983;351946958.9078935
564901001;632905501.4246224;326128035.87970406
564901002;550133370.9107558;320797824.9712135
564901003;430602492.95809954;285044947.07163644
565001001;701247434.3283006;388508182.68410087
565101001;224917954.7379945;166388524.1878867
565201001;252812157.52816212;187185405.16375807
565301001;435664597.6558357;303037733.7491118
565401001;188209908.09951064;105043994.51054305
565501001;421150058.00651664;212143202.09344548
566101001;9766766.69822594;8829956.214355145
566201001;450257182.0024641;321782419.96452355
566301001;454683049.05852324;342104684.8195316
566501001;718536628.0850624;551526989.8788155
566601001;290231193.1651735;145426488.71063042
566801001;869435036.0723482;544645785.7479581
566901001;337751342.8095616;191846100.89521527
567101001;622161199.914208;431946827.24011433
567201001;121572374.88951667;73701828.05678618
567301001;26799389.975543033;18899781.93495865
567401001;632886504.3689554;456502486.86602265
567501001;658135915.9893816;513028107.1186639
567501002;572110641.4624022;304028798.4003188
567501003;519593938.143857;510400559.9244301
567501004;434957959.90073407;260321576.46498045
567801001;121051258.16939937;89665749.63865007
567801002;241059356.3560481;172804186.82490408
567801003;253839842.98816657;235722143.12225145
567801004;166283891.43090522;93912896.51939347
567801005;19558410.310361385;9994373.232455855
568001001;616171183.2277005;523524002.0899479
568301001;1035536550.9142205;519468178.62992007
568401001;695715259.7831413;400297163.2731842
568601001;259266212.81106782;236105809.57538447
568801001;280845119.45379347;148305163.2319374
569001001;301004726.4950432;259689020.12004915
569201001;521386445.49995667;326469093.54514
569301001;680436199.0107665;446279356.00919974
569301002;620183901.5667772;380115290.5489728
569301003;68781659.17928694;48071507.826356515
569301004;555817879.057978;284392221.77821165
569301005;134974745.04987988;81797184.36841483
569301006;186246490.6217113;110993226.90478991
569301007;456039361.6285994;299585288.79438573
569301008;38246409.821438156;21861856.08388793
569301009;254657929.61659902;163603364.68697783
570101001;278608416.0955226;177020299.01492187
570201001;573967305.82588;406885575.6543639
570201002;972493024.5455406;552680340.7500067
570301001;502878733.16105604;298750059.5622574
570401001;131642159.91613606;73661869.58934847
570501001;376855604.4351485;308638567.8417837
570601001;106380559.92950429;81873818.72582968
570701001;367631793.5829264;192002725.27805185
570701002;858661956.6791407;435752353.95545465
570801001;562483834.9887946;475731543.544436
570901001;478846722.00397676;283589123.57766247
571001001;33014736.24880593;17570246.965794813
571101001;475939288.4506315;292972599.5609154
571101002;593598325.1924691;313878988.238534
571201001;302176000.5503018;185297478.62999824
571201002;507976982.85118186;398930288.865486
571301001;167154486.65301824;130771743.82796237
571401001;30198026.486675702;20159849.624352194
571501001;459663059.8735112;347589870.6026498
571601001;372827110.6586376;212605134.0268029
571701001;637852334.1078516;505937078.7784921
571701002;662753015.6225461;437334793.79709375
571701003;946251853.3470353;491301541.8337949
571801001;887061645.135984;453744421.7341097
571801002;1012647031.0413084;567398197.792461
571901001;235860195.07709405;170137886.97814342
572001001;157911070.11020386;88966728.04457352
572101001;167972459.01950896;148939011.56673926
572101002;577905280.3415629;307980403.8863676
572101003;67020083.669816;42979836.56749711
572101004;826341667.4025048;444383340.0252905
572101005;224997969.50978628;139313282.23417968
572101006;204339620.47566086;145566614.30952287
572101007;99937770.07475239;66251835.38225136
572101008;234137203.44687232;188480575.06791475
572101009;172049288.32933852;137806805.0034837
572201001;61896751.234688;59393482.621270716
572301001;477794006.2884382;264002693.08844674
572301002;235771183.9378254;179759651.59440237
572401001;843294144.9036703;429666321.40316534
572401002;234997959.0368649;194279569.94533327
572401003;504611026.97456867;353695404.6292139
572401004;583462692.9392236;333334050.01054513
572401005;385935489.88386106;251864680.0234777
572401006;430292901.18064904;351435411.0575498
572401007;642437376.6299605;440629903.39271474
572401008;439439871.1545583;263688427.20132548
572401009;4139256.136933257;2149937.075779491
572401010;221505330.5256163;184912957.9864024
572401011;492509798.1933299;249300640.93720654
572401012;524017289.60829604;415033323.82160854
572401013;927347746.6861986;528217641.77424055
572401014;259744251.2828266;257501916.3255058
572401015;212418017.53341717;203879285.90032363
572401016;98111304.28066395;80215863.81190953
572401017;683964525.4159791;434071141.03944904
572401018;129532153.76554278;121060270.79381454
572401019;490461673.2857177;456630224.98959357
572501001;20229619.823198237;19060186.835499015
572501002;141470654.13955915;132827812.32669663
572501003;5171032.544819161;3222225.2687676903
572601001;829585287.937253;466610171.6672631
572701001;804484616.7886064;427865712.6224195
572701002;311816414.1548704;276113270.9853129
572801001;146004783.52002013;110099613.25767322
572901001;193203027.7284423;138560095.93633986
573001001;479926980.92959845;447847955.63606805
573101001;93951562.85118242;54068632.92369584
573201001;788912039.6712831;396259389.6328707
574101001;193164952.75168443;144846025.46590018
574201001;926314988.7313097;540273077.6425381
574301001;151401645.05398792;90107502.662177
574401001;216751911.34173024;194960223.87616697
574501001;119748958.79757662;84396324.11678952
574601001;864887624.2407062;499033635.90757185
574701001;674784500.2847838;517580950.5183859
574801001;301692021.34200215;176437812.372638
574901001;464399238.0312116;448438908.7959197
574901002;368102880.6564287;339176828.3191282
574901003;146967706.3794672;80243399.75691167
575001001;345910365.70440805;227040902.10301444
575101001;304733682.5385089;287227566.5334321
575201001;646108727.2467948;475133040.5537093
575401001;297497592.60103995;282355128.9804737
575501001;385534351.8517609;367288211.0063442
575601001;804370556.1831675;463857795.4527369
575701001;422848072.813276;218432142.85884145
575701002;40459719.07347344;32826148.88595128
575701003;317948047.36539656;161675663.10475844
575701004;372911608.00835013;356917410.4318552
575701005;751709293.2855726;550388574.2600029
575701006;547962977.8096124;460772390.0041671
575701007;389507116.9138057;233001301.17591763
575801001;561124446.5474727;297626827.2836207
575901001;323538867.3930552;257195745.32609203
576001001;489798503.2863799;393669276.71036047
576101001;567199619.3605354;330114996.73360527
576201001;588553583.538196;326382384.8784167
576301001;568711352.8465024;310456675.3977636
576401001;605808760.4022938;403187101.2629572
576401002;804109895.437533;449599783.5720201
576401003;647914410.6445016;520215259.91850185
576501001;19125084.66306979;16070334.4493533
576601001;430638388.0267793;267389921.9843215
578201001;231652276.5136223;126472947.97114274
578501001;318590452.1120199;195229034.178078
578801001;804633884.6805465;494794686.54152256
578901001;13411308.794741806;11697586.20246375
579001001;465255768.3792112;320356744.90331864
579001002;771026670.584258;413446077.2596434
579101001;562198136.7617316;429816450.1737874
579201001;617780697.7636709;496952327.95620817
579801001;104697544.90622002;75411611.78817692
579901001;80865426.69922589;45787162.611124255
579901002;573682584.1555716;513972267.5546137
580301001;521398585.8114163;295169754.2731943
580401001;117200410.13887833;84595241.31912154
580401002;27065272.24076454;22600463.694438893
580401003;357769576.1667742;193037602.51167074
580401004;316933104.17364407;301028128.0969007
580401005;408689134.62387246;323521008.43934083
580501001;375400476.3884161;359208618.8224539
580501002;106738266.36523473;53375108.31315763
580501003;96909373.58029757;56469263.656489864
580501004;544251794.254047;476426222.3193665
580501005;1088479235.6127074;571491603.7447534
580501006;567301129.198737;530689369.74562484
580501007;232725524.34610733;227540512.6202234
580501008;718069604.0809317;366730874.5623429
580501009;48429289.16094013;35621796.75216493
580501010;411284936.9136564;351154532.91712886
580501011;239147342.44483492;202519862.30302322
581201001;280155241.884942;168684389.25695094
581301001;20459568.39372838;13393214.165778894
581601001;438142434.55390066;332360962.9382238
581601002;394669816.5895101;206834225.76116854
581701001;749466180.3918393;486863432.3145624
581901001;470012264.8263669;400892528.9074798
582101001;618457501.8422935;497060565.4240395
582201001;459658829.332331;425137474.8049267
582201002;1120868353.342559;574920989.7633697
582201003;444874250.9986854;264850377.32985532
582201004;490217419.72183824;349364944.4412962
582201005;254680357.13747346;215061350.5129864
582201006;24473101.89389883;19840426.75466366
582201007;359362912.81141376;230186572.1394519
582201008;423319844.99784225;220246896.4119088
582701001;717784073.9601934;433168101.8164843
582801001;364582901.0362754;192552673.48523763
583001001;602480552.467055;502523896.5253427
583001002;12347254.199646555;10201113.213601833
583001003;880553157.2269121;490449817.5693518
583101001;795147215.8285666;523162624.7277634
583101002;82019374.74193151;63562100.51080268
583101003;247513879.6374266;165912649.33050016
583101004;482089082.2555134;448009873.5868837
583101005;532316928.62952405;289958687.787218
583101006;445725864.6245322;358565626.2920783
583101007;345519101.7896508;215975550.38135573
583101008;795540548.5638818;409359949.1684143
584101001;272679327.04359;181006341.7763183
584101002;517950173.7590929;316400420.4231232
584101003;413224543.52817607;383697927.8476588
584201001;524579156.290426;363446596.9130761
584301001;893650411.8149719;462241780.9002575
585101001;538574781.7170987;487020895.03952104
585201001;737940359.6006768;456041532.0436555
585301001;460050120.872432;237869507.85124308
585401001;489156451.05602616;312984198.61275315
585501001;678637560.5629511;552019451.3660369
585601001;219351795.83957908;113031440.62415047
585701001;547914485.8857682;362747860.1330957
585801001;474868993.3106995;398067593.66553456
585901001;517255391.59019953;331750000.90214527
585901002;405855681.0386865;380240650.1761
586001001;574902107.2603215;455234204.70516986
586101001;300123183.533978;239735782.06269237
586101002;955982331.5946047;566290006.381246
586101003;996030998.8293035;526693788.8066524
586101004;1033059184.0268157;586040666.2522982
586101005;282831250.29609895;147580543.14513633
586101006;647955529.9339942;427879152.14153385
586201001;745036317.3690486;500021516.69971937
586301001;631888411.7788609;335290357.1707563
587101001;525431644.57845974;279756501.99117947
587101002;705069934.3284867;478339194.0855056
587201001;74445858.51294701;55992091.74025141
587201002;991717422.4924989;550294856.1852276
587201003;387094759.87941915;223285830.48318198
587201004;557938925.1839336;428689446.8762856
587201005;769704332.8552173;391717957.37376297
587201006;190757817.6907674;156274829.96328408
587301001;517796023.176761;403358949.04430985
588101001;377408880.4167346;312021394.7003314
588101002;762637165.4531484;427801275.6996427
588101003;665072719.1810329;585444571.4453471
588101004;472411111.0346403;256401682.2234131
588101005;445817156.3999739;438929119.1339765
588101006;852019872.1285399;467877259.7210552
588201001;636194596.2606187;549160138.9236327
588201002;855962711.6801548;568891715.1791902
588201003;269983965.95161295;224381752.15128082
588301001;583481494.9054191;352791263.7925564
588301002;343214869.7892795;284983106.94312507
588401001;129465093.18609907;84974514.87149617
588401002;549515031.9512725;325925495.25827235
588401003;261047360.68783528;186786644.80922633
588501001;633941410.536524;361043541.540142
588601001;679429137.5645528;576420279.0243323
588601002;432741780.26835555;324457974.42843294
588601003;911173261.7493128;529991761.3910298
588601004;345279944.1975821;232848922.98128653
588601005;838886075.0745201;510257266.14230853
588601006;61203868.1989278;35345938.81276835
588601007;883993539.0699677;498603815.17063016
588601008;435342468.5958788;298488004.7531232
588601009;896578284.4841555;487783154.5533332
588601010;285387216.230374;163472477.169775
588601011;497420979.5147448;471113529.43727845
588601012;687874034.4530095;587457137.274496
588601013;324853096.4154652;162727397.11656335
588601014;856498233.387276;519556223.03000593
588601015;948254770.0986546;577577216.4385855
588601016;608284593.2920915;579886079.335002
588601017;351118721.98911417;210804036.01798984
588601018;873645950.7532352;551648125.263084
588601019;677292852.8355005;499259604.9466736
588601020;1122659268.5739768;582352857.1875812
588601021;977032010.4383203;550299010.6482716
588601022;594176975.6452367;454958069.2348496
588601023;951808442.1516609;480936741.1105257
588801001;184140682.51701927;114672801.69723465
588801002;365807184.8929798;230563870.2385316
588801003;199965698.3982628;114586322.40082216
588801004;222627118.113874;116376853.42574687
588801005;707354957.7913135;356012258.8295938
588901001;168713065.87448442;114590228.13606778
588901002;185267897.83185354;175596738.89523092
588901003;33360909.147873823;20028104.15706967
588901004;281947294.8128075;213081886.7595628
588901005;24694036.007478334;21493386.06743688
588901006;34337226.449363895;23463905.31348264
588901007;435871148.46759695;414912579.34826565
588901008;255111587.10144985;182069757.88311574
588901009;182350155.01792318;115158205.41796584
588901010;457486772.0709547;283122167.6186443
589001001;935206519.8329644;582768473.2834957
589001002;385741210.24949247;207828117.55691934
589001003;102785641.6188619;83062493.50772834
589001004;722834127.0331382;422125631.1936963
589001005;379552158.2514166;238536227.3126985
589001006;223053910.00776002;114761328.4115097
589001007;184174797.516339;142879772.23463714
589001008;602587957.5753456;451827217.4855691
589001009;974622364.2536238;496437195.81084543
589001010;56374001.36512417;28803377.8808401
589001011;550992613.4975102;397696552.8101343
589001012;283986785.34796494;210168328.20965412
589001013;947380777.7950121;520530582.1129093
589001014;208092005.35685143;204412485.35825598
589101001;419003703.7159803;385629882.99078095
589103002;195209606.9435912;190567993.8036105
590201001;752866469.0696181;526892037.1997595
590301001;772040988.094994;421157679.644688
590401001;615576997.6152697;321775980.9845278
590501001;138402418.32311755;84159689.10045955
590501002;437495184.4124464;312357466.9746135
590501003;523226918.62614775;320764294.31345546
590701001;262039852.59619024;182722836.3736267
590801001;30410629.869340062;16519021.284802273
590901001;693012949.0249419;524263386.3862011
591001001;517608543.2451972;471326979.7722476
591101001;413230178.7132086;340661797.538535
591201001;872960074.0075004;482814713.0021582
591301001;312429959.1226908;266619897.43507218
591301002;77394170.31046559;57980812.95939627
591301003;73547537.69431078;38168926.11658998
591301004;121173186.53034006;120161898.43146856
591401001;277581255.22243077;146998354.3459809
591501001;720391904.1589003;549694748.8775105
591901001;570499865.1532652;498102244.2693199
592101001;280961507.70460844;176622644.46969602
592201001;133858714.61921176;81221059.16313607
592201002;18869246.454469897;14100575.21346528
592301001;406619555.8744149;225448620.41976833
592401001;587678040.0526556;552193429.3827965
592501001;348074344.62660724;259409023.09016675
592601001;192379210.85053355;173084019.24878058
592801001;305175654.5477262;203907988.12827095
592801002;148358426.1497124;81506637.41470766
592901001;651457292.660902;557058993.2447214
593001001;260250006.93938717;179040993.91403326
593101001;28644025.05031586;17691272.281034656
593201001;148633202.763271;134687028.1671503
593301001;639114344.3253815;324919948.2446522
593401001;494645616.33344996;376210456.7043508
593501001;39074339.17167478;19760435.62363696
593701001;646440915.1649303;549473704.0980834
593801001;441180559.45284307;420335471.11797106
593801002;502413068.5554205;341682387.9414584
593801003;409450331.0169476;240106255.8864735
593801004;35999179.23551453;24792606.442648508
593801005;557436086.5951959;413806719.85935277
593801006;152607595.68428183;151489286.72620738
593801007;247175546.12392896;202940059.35579407
593801008;155780836.2637578;86333341.41425607
593801009;385453222.1790788;334520038.07866746
593801010;670165360.393288;529118135.0378625
593801011;405466704.932652;307574321.4953107
593801012;212459705.96835083;206341382.40787297
593801013;174041205.41780636;91513527.76777716
593801014;649991087.4987394;437072744.46222675
593801015;643221858.3875751;345758506.01725566
593801016;95628133.32665864;51244942.248115525
593801017;677450140.7078843;459314269.3659384
593801018;615265533.5274895;354119577.2478345
593801019;925316040.3083276;515973355.42032486
593801020;975481016.6332372;513204206.4644115
593901001;632412394.3489978;568617207.5088885
593901002;538729972.5651758;478409779.28268665
600201001;311987629.0788463;171265956.18089882
600201002;450034852.89588845;229726129.24972552
600201003;319632085.71241045;227558073.38959554
600201004;478130322.5163681;401520900.76170313
600201005;299838896.17683184;215666681.16546082
600201006;241575800.80093879;193744756.16207275
600201007;533632962.3680175;506762499.58803135
600201008;380866391.0062093;242256396.8177063
600201009;760952432.3900903;433124189.9363003
600201010;470945488.0437839;295663561.3814182
600201011;428320739.31194764;294387497.126903
600201012;641092741.2172467;330937522.41487896
600401001;154558737.96516192;118135396.98905887
600701001;489208274.8686517;401038724.69081366
600701002;248692709.6323327;211420354.37735122
600701003;65904376.44293283;38577199.96770143
600701004;313162317.4272491;225999210.9061619
600701005;593212334.583759;299629890.2334618
600701006;484266584.8850951;415104553.7158367
600701007;281780728.8328724;147937693.30800545
600701008;670383694.7876713;370980907.4657986
600701009;419143887.8278967;330873047.3489674
600701010;55904352.3715946;32497531.83973877
600801001;201313990.84505624;196536142.83812678
600801002;732411687.7239665;455692627.20726025
600901001;42685134.35478375;22431778.972476523
601001001;640162000.5998472;550885809.5409334
601101001;739220369.2943783;377087206.4830322
602101001;595929612.889002;464983414.4112512
602101002;481425782.4360172;346480125.8859253
602101003;596932192.0090836;335964738.4330291
602201001;639517660.7116934;434151909.4482285
602201002;183367192.2641651;149219159.0737942
602201003;236957527.20464063;196372707.9884609
602301001;207716413.80931216;118385417.46766162
602301002;146592013.58969826;136763094.3736222
602301003;477749228.25326777;347624482.50662345
602301004;343350187.05231017;245856412.6416025
602301005;576627786.9723628;313053095.23545265
602301006;818565552.5723183;432640362.5618407
602301007;7858801.252631308;6693816.144293919
602301008;180999277.06918317;162710069.87672555
602401001;50763384.77007315;25483729.735307526
602401002;380947806.7662338;195665976.47117585
602401003;379821298.0722771;246699229.8372512
602401004;815298254.8228401;490758289.4851197
602401005;244102544.38810366;233498230.6394623
602501001;187866640.37452337;148444255.39640754
602501002;324243306.9810289;251694749.66045785
602501003;1151762650.2446249;601267393.9659321
602501004;257170557.2782378;180389081.16673207
602501005;6874325.845774653;3724799.8361300994
603101001;471356481.9577401;438243537.97755027
603101002;180225464.96338674;178210876.01954946
603101003;281125554.0566158;260519697.13529083
603101004;93671517.04041524;55733470.76662301
603101005;732690113.2814276;371043049.3546652
603101006;605259571.8107919;306073284.615802
603101007;481223372.0361912;245208541.29623458
603101008;156332693.67975366;98590820.32798031
603101009;624502727.7247465;570975661.9692296
603201001;272943044.2174968;247746200.74489704
603301001;252751724.25950438;167729622.56433305
603401001;763312458.4465315;412890144.99903286
603401002;342107527.4031132;309257375.85765064
603401003;655006812.8077084;457545503.6347949
603501001;168636517.43173447;135076892.26449502
603601001;193868311.51016903;193809952.20604473
603601002;129990577.134399;76066891.55902493
605201001;377014233.2724847;216420576.7543251
605401001;48564663.33350211;30799880.52305962
605501001;698019683.6273323;479164211.51327574
605601001;331918776.64125675;276332535.6359353
605601002;503644567.0663904;478471828.9955009
605601003;686611147.2643062;565539501.5886927
605601004;215888063.39161846;133062607.12665802
605701001;488178746.1489397;419007415.28865296
605801001;191692104.9261665;137220945.30217254
606101001;280809784.39569503;159561901.28265923
606401001;917528222.9322951;543985479.0413313
607301001;551344305.2873336;364258680.4816941
607401001;978270407.1003504;492772321.2309599
607401002;1003261742.4066602;522729988.0531449
607501001;410703263.9294356;393029130.8402054
607501002;68798771.49644682;38077568.90362924
607601001;408451018.15267146;256585169.28214586
607601002;434431607.31653935;394009529.3777234
607601003;148947328.9402982;115292608.40176904
608101001;333278429.2554695;223266093.8636462
608201001;276757621.7764566;146494595.61685106
608201002;812450448.267226;428892053.57206315
608201003;73901337.56848387;47315969.28793192
608201004;618314997.1001035;341884874.4840828
608301001;907421828.0908424;581964582.116878
608301002;574373163.6644992;409181687.3087966
608401001;652207074.1832386;561724467.0158308
608701001;123533251.02104236;91491627.85377702
608901001;1062035205.6690183;587726507.234234
608901002;50781642.00086297;44490545.507674225
609001001;941287030.6660908;579847944.198629
609001002;360466627.2992949;224936554.76656175
609001003;622387919.5512124;353790083.1436635
610101001;80761785.18427423;50014438.08378995
610201001;352190969.78621024;200892912.51979947
610401001;277053437.635021;159349073.01326188
610901001;874240644.495983;507895461.6480048
611001001;268469659.8253784;159358947.6337528
611001002;730495565.3518895;498687576.1195893
611001003;38273244.38309608;22455357.543155607
611001004;1067911437.4442987;546663063.4140663
611101001;181455697.03191653;129651361.18646204
611101002;389220453.90220606;241093654.47991768
611201001;314036069.10488343;219427252.08117127
611301001;487549431.729385;482792879.4416466
611301002;794380187.1113269;457381163.34181684
611601001;378202469.3590024;362769465.99233377
611701001;490366286.3829969;401730151.8424143
611801001;848914383.5783737;606051607.8788201
611801002;852585295.6780963;562897335.2571696
611901001;79284000.54104197;42198789.36955942
611901002;902614900.5899001;535188537.26566505
613101001;206051491.22660133;193883929.53602833
613201001;311970332.23800033;168126386.02812192
613201002;323179043.48898286;293039158.5616241
613301001;715770461.675707;535473026.80814564
613301002;471288600.70184505;304331150.56795496
613301003;277226509.49156535;156204024.38397187
613301004;306094048.2411176;162479220.6041889
613301005;840872594.2920038;603039316.2051095
613301006;795062088.5284384;578157832.7971302
613301007;174747112.97274512;114165621.59343264
613401001;375758747.00096273;192418454.53642663
613501001;328656554.3985135;303486712.8461321
613501002;601031064.3183082;301400122.39946926
613501003;597615860.7803526;357847621.334562
613601001;643692865.1992142;562001044.7078309
613601002;100047298.42920764;89854908.18099704
613601003;738205961.1581441;447873712.53222513
613601004;439775743.88292956;354185239.4640872
613601005;281375365.7061852;165406513.60788742
613601006;487668837.33872896;303551393.25292104
613601007;219278961.71548003;203515791.37755018
613601008;205089248.1874074;139628752.96401903
613601009;531164511.5818847;504880382.92976755
613601010;240827051.31537095;214096790.86285618
613601011;36190154.387779914;25520599.405267857
613601012;675484272.8203782;480834987.28647035
613601013;205199379.78257832;203279146.08371687
613601014;563664103.0117664;425012985.2103925
613603015;590332565.9834399;324371797.64649177
613701001;154922390.3653887;127390064.22150058
613701002;837431927.105126;435198622.54558027
613901001;620935680.24307;397312573.64760274
613901002;54736879.75254376;38057876.62552742
613901003;667671300.0970441;559760197.0773541
614001001;356714749.61000353;347864363.5008242
614001002;525689813.56981176;328578424.9710778
614101001;422996076.2581035;380082536.74594456
614101002;990723443.7688524;594056817.1923078
614101003;436092961.32370794;363287895.1013526
614101004;719232317.8783574;515123843.49959135
614101005;343881277.97769636;229402630.47042167
614201001;18652084.062835045;18604860.682485342
615101001;146044177.21559265;83677709.76884988
615201001;803046421.9036807;614722311.3712137
615201002;379750863.45969105;244154085.76298994
615201003;660456631.1816018;576383657.6687618
615201004;705289133.1559772;524033320.1006963
615201005;309402452.6529087;197734338.47025263
615201006;661150542.0089924;472902376.1007512
615301001;80429849.17946033;78057261.96616523
615301002;479049905.05259895;420107859.89388686
615301003;578013957.7302699;337089800.9271408
615301004;469065113.8368174;372593144.98588204
615301005;567999221.0287291;426182632.7500779
615301006;267160370.18612066;144554224.15942103
615301007;120000902.45544243;75515697.22580008
615301008;262601218.05522126;149321303.1181512
615301009;581707175.2459377;570499875.3903422
615301010;634102363.9589145;414132022.1955172
615301011;76948963.63251545;55635547.69251375
615301012;705955667.4778637;491654515.7721803
615301013;191506867.65277082;175609248.65559956
615301014;382131084.4988594;374546786.79524887
615301015;546817747.8551517;494895804.9150982
615401001;1155069707.81469;601184766.4724612
615401002;293312933.1516639;281735343.12450516
615401003;418827923.9035762;296419786.0515953
615403004;484455179.3770518;450236206.1474337
615501001;437683833.1787235;436369094.08252037
615601001;479820091.24976254;429376988.6014962
615601002;384165476.8268531;319157297.4432739
615601003;311234040.2715837;299318450.8367452
615701001;925038075.7568375;569773968.397284
615701002;772630222.5137608;542550119.0384634
615801001;225874976.76946235;119042000.1344035
615801002;57712074.48538162;31965186.51951397
615901001;512215396.01836234;261896787.5338694
615901002;871999861.0357298;493259213.81585264
615901003;175562869.53808296;124029827.78223674
617201001;552797941.918362;409614212.3467344
617301001;388607208.80102676;346294490.7894459
617701001;56524264.281693205;33832044.97376566
618101001;376745609.8809901;324569650.94981533
618101002;368142122.51049715;292357275.60829353
618101003;263341457.70400435;134643492.5609634
619101001;145569099.9009887;124233067.45949027
619201001;66866866.38115063;37975514.70810005
619301001;131594230.84468281;76209209.04110484
619401001;15101705.07314268;11119607.055128796
619501001;885800420.8445283;609897290.9933091
619701001;1002180111.8299311;595282308.045512
619801001;3754329.852219883;2483540.0365759414
619901001;465912883.92572784;274495765.30491954
619901002;28531634.961539887;14374858.8570377
620101001;667478974.5606848;526310543.75991976
620201001;918269653.1027288;590528740.5253105
620301001;675121481.1895068;487050654.5937291
620301002;380745124.0505213;210974554.63860747
620401001;256472984.69307378;244721378.9502849
620401002;320112860.4226213;185177055.99742052
620401003;324903538.82078373;208176517.49957874
620501001;56096710.51965051;52778345.46190526
620501002;824738779.2612158;501678240.9003213
621101001;191837564.54477286;121733338.74023157
621201001;354052250.56291735;337909516.3833988
621301001;677456598.2972938;395023211.98029643
621401001;594781038.7234565;561218648.5306592
621501001;105383454.39528283;75311147.3655681
621501002;163596686.1131436;98063595.53278458
621701001;251367504.4886673;191188199.6441663
621701002;290103763.01207113;272517102.6793341
621701003;690432865.3025817;370049902.2260757
621701004;82414640.55491091;80236191.29493381
621701005;160894450.49454933;97614550.96682946
621801001;664524619.384582;496334038.7435783
621901001;325968505.7514731;316694355.7340614
622001001;970793799.7435739;486558331.6300367
623201001;12154761.105086222;6232501.693196776
623201002;309270649.0650726;183143847.4905083
623201003;108886795.06577432;83086216.06075503
623401001;594320731.8124318;515987841.3349657
623401002;1189399.391396128;644503.7911039011
623401003;47215764.82173823;38058560.26732396
623501001;763500922.120437;518183287.7205759
623801001;648945757.7318217;416819513.08749217
623801002;703360053.8106809;554763424.69018
623901001;501497286.9592471;382211058.46519405
624001001;583361055.2599196;538372618.3571073
624001002;762579063.987361;534232636.04658824
624001003;344771757.98599064;272695498.8617286
624001004;258697959.62887102;141927471.56064308
624101001;79377885.70810148;42103981.04400872
624201001;94214873.62536223;48458618.67533243
624301001;102949226.914885;98152919.11735201
624301002;730072450.3064383;422433307.3734983
624301003;934384413.0527238;507738369.7435051
624301004;648882802.6179187;379382747.2918778
624401001;194054328.54297444;97565167.01549786
624401002;211768508.4650664;147999766.8139071
624401003;759890304.4102165;447813539.1786041
624401004;460694032.642289;301726897.3253743
624601001;273133710.05947;232112445.13700822
624601002;685262739.2640898;501246583.9452145
624801001;179658526.61927575;154973387.41865435
624801002;1108057418.77377;599104113.4869223
624801003;92173601.66047762;76328781.06925195
624801004;698139269.5265255;424809505.24446625
624801005;577363722.4913377;502708053.6272559
624801006;739787406.4367623;514106399.317079
624801007;39469699.70688175;29036856.185198635
624801008;27902596.778279014;26782886.882986505
624801009;229399733.46517724;124660622.51574649
624801010;852366076.5313928;427519528.6615782
624801011;789799645.5142004;499053733.01230145
624801012;186266481.85245597;131418548.21020055
624801013;260950398.90701044;227871627.15076122
624801014;595666455.6192803;349379883.2879025
624801015;806426973.5057874;446780684.265179
624801016;520241383.10118717;278132216.72285825
624801017;226225208.21233755;133401987.25915527
624901001;195042322.22408995;155096868.37647584
625001001;476244290.47521454;388571659.5246729
625201001;73437532.18070358;51954486.133501045
625201002;525352972.9012229;324694019.4731813
625201003;375239683.11950284;223170730.8818829
625201004;699145270.1322742;596573677.7640042
625201005;286511668.3190046;215466119.56592602
625201006;774003776.5073645;411174271.90697235
626101001;65514561.24356337;38660559.994557135
626301001;1029049267.6514344;548729456.7169789
626301002;547852020.9569144;454464520.06632715
626301003;30297461.51837341;23732356.912776668
626501001;428004268.133052;229551452.7021029
626501002;868541704.2478989;575472050.413254
626501003;1042216968.3575416;550257042.6019404
626501004;851022786.6465604;491915140.9793329
626501005;360532568.62482566;237444791.8704674
626501006;518343827.5858912;486309477.57522196
626501007;424076694.5893631;252643545.50396067
626601001;1046260307.943129;532192658.32259697
626601002;708518141.8731004;403299852.551668
626601003;893876944.8601077;590880234.1094241
626601004;297445173.1340179;168199032.00412807
626601005;60344746.410795406;33468673.777329464
626601006;93881922.21845387;78890706.17948009
626601007;136594989.09103078;106330566.78253166
626601008;429591495.85010976;347839586.53594977
626601009;516417156.14021856;262985760.93238986
626601010;287823230.2458661;174944200.0872894
626601011;400140315.31863374;242495808.38354087
626601012;997546242.3020909;500783374.4970684
626601013;334228687.45321554;185680139.3274908
626601014;667645373.526225;504919794.09716475
626601015;258048725.12127763;134908706.63048762
626601016;694608499.5517647;532344204.99335337
626601017;275646519.2134665;166081500.05654794
626601018;825165351.9429007;514142303.7089359
626601019;674284525.8053062;371998013.54674244
626601020;761856359.858157;615787186.7105635
626601021;1116559170.6402783;569540069.829822
626601022;556022473.4217964;290122783.27983785
626601023;489385276.50638545;306419581.2390343
626601024;867900493.0716994;588663361.0001425
626601025;549063508.5386928;381970092.0439771
626601026;13735041.706886303;6979353.932295494
626601027;383050055.4999472;242282042.97408217
626601028;860293257.2464145;502910655.72357553
626601029;649434242.4691168;613794102.9732492
626601030;318814864.98166686;299512180.23172545
626601031;317975406.8053085;182339778.01546565
626601032;581130422.3120586;331007693.4948493
626601033;873970232.7333249;543502901.9797044
626601034;1192316512.6408114;622595783.2338517
626701001;1018005757.6173013;611361347.0000714
628101001;701498127.5601796;492567757.0399789
628201001;66301230.85706083;60393949.857338995
628301001;88034246.02763045;45337295.095537916
628501001;584609463.7673063;358855153.9037379
628601001;705728436.3228277;363267015.36182743
628701001;79367700.23710667;40594959.481366985
628801001;472424196.2466595;314976956.39596593
628901001;212154390.61151448;170343252.68407306
629001001;651340899.1140434;406531228.8074922
629001002;550489913.210088;505711335.83028275
629101001;733886680.4215575;376912259.55665493
629201001;378915641.4214493;281654519.32436466
629201002;703335971.9369878;440770458.3665464
629301001;582720186.5519955;415477668.616782
629401001;479341463.5385571;290173496.524695
629501001;349357196.0077832;196624614.76473913
629601001;27853539.760842897;16589621.75024278
629701001;148610320.00568223;105939890.34577653
629701002;599363271.3805867;472354449.81270546
629701003;878876755.2049859;594467403.4900182
629701004;1099063823.8182664;563868127.5634786
629701005;87332401.42985374;56519185.206565976
629701006;18342864.79303859;9946308.304816261
629701007;383731805.15336305;240493168.13470578
629701008;211316454.62284556;112178805.61506109
629701009;229422331.4387748;133700882.51333356
629801001;480080450.2776378;306016517.94867647
629901001;20505256.594749622;11321194.148881108
630001001;186337478.2962699;163020162.2529368
630001002;874292584.9234794;581930867.578878
630001003;133703474.58541815;94617568.44231749
630001004;15413721.907730557;14717258.37107113
630001005;568663119.2928275;409248529.51891637
630001006;256966802.50992063;161472877.596301
630001007;464501787.6409317;303388616.65909004
640201001;122700280.45330843;120817163.00382008
640201002;1244513812.8135114;624043548.5217143
640201003;474085721.9428066;414802809.3567785
640401001;215439574.41512382;214412131.82402846
640401002;585225926.4200504;511382452.3540068
640401003;208714247.05136764;107011927.02906156
640401004;405219957.94931495;300971941.5595453
640401005;977965592.1395897;535336860.252957
640401006;1045747797.2611301;524975590.1511081
640501001;544925537.0863345;348703289.06600714
640701001;505770689.9522357;344943372.1378134
640701002;231960179.27652693;135701180.55678645
640701003;597486007.8175732;465308573.6529279
640701004;1018922941.6788261;586725793.1482205
640801001;563876024.5794649;354586137.63270146
640801002;609440917.9402474;462407821.8693015
640801003;7883264.425908633;6976316.881169718
640801004;244841661.70266932;156961232.53294256
640801005;314797716.0521535;180243497.89377028
640901001;603906012.9047735;590925141.2746447
641001001;913263035.3297851;516521016.7269334
641001002;65634225.95348634;59458570.46507459
641101001;611291016.257474;514970063.2305031
641201001;206394674.10745245;107117624.08279923
641201002;524429171.17079765;390920057.9516253
641201003;160711088.77728543;117096059.3955503
641201004;710507254.0506682;568030710.5578715
641301001;497383613.20935184;288497514.6757093
641401001;713023683.9087892;549917133.4121122
641401002;97287131.80532579;58381013.83681638
641501001;662830502.965702;416272208.73864096
641601001;352015383.7416659;283769443.5157577
641601002;701078135.3208317;564536733.6759042
641601003;113561553.13438144;101261998.97075222
641601004;75380235.69315429;53898603.24615442
641601005;96466749.91262843;74795912.40227611
641601006;940127043.1144009;476429663.0886009
641601007;54269978.296591446;42573196.51551362
642101001;800178647.0178704;494618001.65584785
642101002;483693614.657678;350060091.443034
642101003;3322693.9401988005;2564792.9229856418
642101004;709324234.0599439;423629337.19160545
642101005;315406280.42991793;244436426.92617106
642101006;912287133.8497362;528368775.233467
642101007;388950298.6909966;246927183.09939253
642101008;116169495.77751961;87487875.7845071
642101009;66688939.03130974;47210682.51202739
642101010;1139534844.3863153;638758206.6758026
642101011;529157056.63481015;434617789.42002815
642101012;153825915.29177913;79731327.15093952
642101013;603752712.5266688;540146799.0337293
642101014;882942271.3789719;576530405.3516048
642101015;331756211.83013356;218692178.70096955
642101016;395368880.0865728;210562816.60883617
642101017;198818271.83906418;118408004.74617712
642101018;714431714.5190514;519546295.36392576
642101019;668089335.9823056;571704146.2850903
642101020;319428778.02185124;164131892.57024232
642101021;601748765.9188871;419762730.7883325
642101022;30843898.926767785;16459521.254888384
642101023;728322058.2264566;581153685.3954183
642101024;140258130.43564504;93316179.53736742
642101025;104842257.69194523;66068978.59343706
642101026;979300161.6934487;536709222.77868015
642101027;312995065.995915;293295488.23581934
642101028;296430906.15251726;209935831.47196627
642101029;523868123.1283257;501495466.53290486
642101030;318432493.8569786;247043334.9038043
642101031;118856130.79349792;99395943.7727769
642101032;453004586.99219406;399634742.5720911
642101033;708860142.4025651;359835062.1912777
642101034;330046989.8699374;180836087.9731761
642101035;130321752.79638854;98264797.77582376
642201001;535412910.409718;326682920.4027812
642301001;853476288.1458799;631292882.3069003
643101001;704675357.7388284;487647643.58908325
643201001;802378290.744442;638324110.6881955
643301001;160134859.8223117;110891237.99168131
643401001;445432957.1158436;286756615.3883798
643501001;861522606.0042639;595870717.0278757
643601001;34014371.292949684;21818862.544950612
643601002;420236480.8752795;313876696.07625055
643601003;611665553.5776141;343492642.8145075
643601004;580221328.0607265;558318739.0445915
643601005;411839398.669351;293502440.33010423
643601006;840014159.4825743;519398853.66910154
643601007;479304358.9689826;442672451.30343175
643601008;250371900.48978183;191289156.06198314
643601009;528747811.3177871;523813301.6029916
643701001;43921492.66423942;38201106.76426173
645101001;125855667.04395577;118342098.07027625
645201001;608481138.6464413;490969301.3739717
645201002;635749198.8308905;327949474.1343633
645301001;804607953.1931493;486392933.7387144
645401001;326489088.96484554;264855337.33705297
645401002;296309777.4833197;181145434.07857588
645501001;638034773.7578079;388205551.35153383
645501002;592609174.1307111;487285127.083383
645501003;54631788.84778997;51118784.7949034
645501004;714475419.5835501;524578645.3040483
645601001;812920776.8399231;620434673.2072378
645801001;145410779.30896053;91565393.14010897
645801002;541101782.9784718;504023543.1349826
645801003;308323070.9933552;288188153.43441534
645801004;435631515.5825487;224063228.48882797
645801005;730775706.004092;371324906.1361409
645801006;777822893.291212;599468614.4426588
645801007;476443865.49647784;306279618.3983772
645801008;32208161.506040245;26170629.90888257
645801009;904685802.5229492;504185244.99320316
645801010;54141289.42841415;53952883.41909142
645801011;394223818.823452;325023645.1645503
645801012;948385899.7421986;572221690.8920623
645801013;480396506.06957173;398293683.0131685
645801014;490272707.5945066;292810929.04036915
645801015;457277805.4108878;249401140.36930087
645801016;694401557.8784107;589452373.4184716
645801017;46725276.16964205;39937184.273218095
645801018;618454949.1079496;584680772.1795597
645801019;617517950.0785693;428940275.42906964
645801020;24681945.96906026;13421443.29125019
645801021;779159440.8531096;461882652.41414624
645801022;97468427.76313508;91470591.63368955
645801023;6644581.823719141;3868611.5947696483
645801024;562443117.3458453;465885566.2174985
645801025;1184362325.9678898;638356407.9752022
645801026;744873962.282835;489731337.1585852
645801027;453323937.7258751;267363694.28001246
645801028;430642485.02043754;418641188.97615993
645801029;470687743.68714976;337095430.7243836
645801030;122467743.14384094;67069746.77436071
645801031;32839340.769918017;18337954.578244194
645901001;613247921.8134491;346886331.406575
645901002;185652153.3434525;114528619.0510535
645901003;966043665.8865137;592833705.6212512
646101001;569878777.03613;537977529.2263653
646101002;751642483.160947;599048344.7419091
646101003;643930613.8849852;603238333.4001124
646101004;627634948.6263707;554325549.1522143
646101005;58070498.06352266;32925863.72544608
646102006;278095382.95906615;145404884.0021943
648501001;43709802.84438795;36277613.4359005
648701001;180089441.4641732;112244884.89287068
648701002;72900139.2352794;59109286.180409476
648701003;400953453.32010627;264588979.88356155
648701004;862500287.1202592;526079294.949065
648701005;245096923.20334026;137968191.43537664
648701006;329056573.7400193;216699915.30726054
648701007;179665634.42159185;135460752.33825117
648701008;387695661.0384924;254436968.11183485
648701009;1009662447.9723549;586862575.8280478
648701010;404536975.3700401;337509920.04320574
648701011;582189982.7769529;554810428.8976239
648701012;396256555.63391495;394084152.7738306
648701013;1072183074.6686584;610253304.6929944
648701014;257197050.484273;202345436.085506
648701015;53413776.00093494;53271265.428764924
648701016;580091567.2670163;359636339.01931524
648701017;430939415.77349335;291078204.1717974
648701018;866560929.7091271;635049256.5751418
650401001;748456512.9245145;441045303.7162079
651101001;419260719.67507786;277852140.9073284
651201001;1022797332.0144352;597917646.9926548
651201002;568223457.597533;404697282.7310895
651201003;955487492.7397745;552460129.1392014
651201004;141351164.95193332;140400270.8647822
651201005;195853806.7805236;133347277.7337491
651201006;229621305.14709905;214739382.87128785
651201007;400459067.66428363;233347342.63905904
651201008;904074337.5772582;585941005.9704893
651201009;954818225.860465;585962644.2615819
651201010;608512137.6499231;497901284.7260628
651201011;394128712.4626399;272444114.6668187
651201012;229025214.9449324;225887349.76039627
651201013;895846777.2169154;632986682.7499049
660101001;287675245.47056365;160112253.04394475
660201001;862182909.1575533;499351837.2932852
660201002;434980532.8523979;428275539.38811755
660301001;424481957.84723085;382886627.2507944
660401001;742585105.7627277;527383359.2688112
660501001;731198640.357414;469281180.4909602
660501002;647751358.5222943;333943396.61122096
660601001;964547326.138105;489519120.72454697
660601002;994169878.9345462;653720025.82465
660701001;476010929.3062874;472871023.21365476
660701002;768519542.4440824;575846301.3335047
660701003;68766275.68056272;41441983.03960797
660701004;378473494.00446725;228640052.36652938
660701005;733100289.116571;395568586.03226537
660701006;80326390.95641826;75681306.96806699
660701007;1076662093.0958564;592317270.8256922
660701008;575269345.0080321;360146781.9700832
660801001;1084303463.437708;569649796.5944579
660801002;782437809.6331483;429386425.9331827
660801003;13266912.057835024;8584634.100407064
660801004;765218738.7129576;518529920.19283974
660801005;950230733.0466573;526465892.20653963
660801006;582739227.8806026;496010866.8982799
660801007;202991626.28291535;149054618.63887602
660801008;430194912.2285058;415535656.61387724
660801009;830733981.2714108;642518685.5650396
660801010;763341181.9581672;382391641.62744355
660801011;397500710.21565413;383590763.76447725
660801012;102955099.856353;52060933.68591614
660801013;58590894.97593864;29804550.11203477
660801014;279611822.8705036;265424701.72648183
660801015;210238384.6003489;123758960.73369968
660801016;578055525.7888439;403676883.3042026
660801017;493434406.2914885;487606206.4702096
660901001;244190968.19991797;182487079.27616078
661001001;400192870.45662373;246074937.00055164
661101001;68283740.82562147;55825790.30793058
661201001;799547303.0468475;522890744.86149406
661201002;86256056.31497914;79579707.91290021
661201003;91183973.09170188;68429070.21150148
661201004;418606527.3162424;275131144.20661587
661201005;294103683.8078813;173797577.90173855
661201006;357008876.93445534;294456017.8761956
661201007;485340820.5584689;282350725.73686916
661201008;737718718.0049763;409948889.58709145
661201009;175592228.1878218;159962420.9887262
661301001;456722573.17335725;277028251.87737685
661301002;73116969.13559017;37672693.641072914
661301003;232970645.85661703;168013400.4741333
661301004;149171118.4694773;134129616.62762342
661301005;421121104.8381283;267888615.6919254
661301006;2546773.2556947013;2412158.8703659456
661301007;640597029.4522758;440387376.43407935
661401001;98416035.48286371;58242687.95107024
661501001;646941511.049081;521440077.9860943
661601001;696008025.5985268;391350032.5889474
661601002;637147181.0813777;634169957.607534
661601003;16258937.855383808;10316587.280788189
661601004;464869603.59592706;369946262.5607501
661601005;425743229.20736796;266292580.21130446
661601006;833630768.9825785;494779164.329817
661601007;515343764.5184884;424176759.8861152
661701001;834431106.6272737;570778658.2476554
661701002;147521.56425537815;83424.52746606994
661701003;1049906276.2717612;543743235.4389641
661701004;418404954.9025369;258821276.89538872
661801001;986447741.1606718;497544164.4303754
661801002;336323562.92440295;195731261.381718
661801003;1007549602.7634854;557330384.2730534
661901001;556372132.0540687;321930344.62477994
661901002;106787959.79839934;105174720.74325325
662001001;200001998.07832575;188571509.33562064
662101001;173690162.11971545;99152848.06942268
662101002;191981680.4947025;186148715.707383
662101003;489144145.57726705;297980520.04404753
662101004;142033709.35594213;74809119.82326175
662101005;351794494.1358252;252757407.73684168
662101006;889344981.4986644;551095686.624078
662101007;704433401.6243984;523952160.9954084
662101008;323605482.46606344;197961177.46187153
662101009;807022530.9431624;425745304.9723448
662101010;1261121372.515623;644770777.0564975
662101011;151044360.43304184;112586566.68901649
662101012;790085087.0138831;661270685.5123801
662101013;693279761.7507851;424515611.10705036
662101014;11600425.353190806;10160326.631000608
662101015;457999068.07036114;341053831.51207244
662101016;198139093.6019864;138945356.73770952
662101017;634920788.2963088;405412462.01632726
662101018;205299652.08566135;138675316.7121053
662101019;45755982.72079255;36130030.788853906
662101020;282722386.46589434;181004292.55209777
662101021;949984765.6006054;580720671.7886935
662101022;57474612.38051915;54939211.30028018
662101023;335094368.5015515;184093070.28063208
662101024;475214062.1712358;320195006.72193784
662101025;1135729208.5667086;626648207.6434225
662101026;70585658.17767936;67353677.96212853
662101027;17884104.52474622;13896185.108019404
662101028;327925259.22610825;186065507.2529838
662101029;427347230.6883466;400042696.35839516
662101030;366416905.2459433;294721176.4961346
662101031;166807067.46191195;93412951.97472182
662101032;605143679.0847753;539786576.4859267
662101033;465925985.0632433;305238372.85805815
662101034;893122641.3232682;555551936.1561426
662101035;206050750.63506183;131615293.38421778
662101036;663172992.6755792;401606966.06621563
662101037;530405169.1135628;394396724.8468042
662101038;19915700.8395648;14381223.754347095
662101039;602471585.572447;396623456.49016905
662101040;637107298.944116;513808719.3191567
662101041;346716647.681835;278892974.9171836
662101042;227406075.18713847;164149282.89072475
662101043;704359853.0478643;658466896.4893357
662101044;151642535.61852533;148941871.7618094
662101045;947486838.1822561;634687917.0883652
662101046;599526759.3723625;520731445.41122204
662101047;243087365.04740205;186629407.6773895
662101048;424867812.92661893;244421010.96760115
662101049;530338639.2784055;493639998.06773657
662101050;260993952.55571264;166238962.78562024
662101051;189190045.74003565;94893918.63824724
662101052;504215009.40289444;373749766.3549418
662101053;909771932.9259163;604660394.7993305
662101054;280417999.86239517;173031338.75026816
662101055;51505057.78391329;38220240.47503043
662101056;774601957.8334774;613487711.9575477
662101057;427696296.5157081;419176976.96980375
662101058;439955852.6861913;282578714.003099
662101059;413235605.58957154;275648994.9083885
662101060;404534136.9911291;282966714.42946875
662101061;684151605.6903037;551691052.8386388
662101062;259999108.53692886;216430202.5839165
662101063;515265728.6781129;426692873.816969
662101064;468393474.30664396;427105074.8491702
662101065;586797939.2871122;353269083.0379432
662101066;954181453.2727478;482808218.2893073
662101067;238290700.8179874;149337485.80537143
662101068;706993547.1410182;399729571.9333229
662101069;314173731.20564324;231801736.15108782
662101070;769711694.2443329;568456706.5844384
662101071;329694801.17224133;255764897.05939502
662101072;145456990.47484627;101606996.62203139
662101073;449303584.11499023;355603701.21710294
662101074;802840290.2659123;450670938.18010944
662101075;784494080.5882273;529192459.77939534
662101076;101093069.2235856;85586158.16715406
662101077;471612270.51468843;391853795.5860239
662101078;80605996.56470862;63290713.68217036
662101079;683803672.835459;406770461.1737858
662101080;464014472.163571;284800008.48629457
662101081;698244787.3372762;418518263.2772965
662101082;362207334.3925106;194444422.82481086
662101083;549393160.1722374;468125556.5140647
662101084;163343654.50881776;110136558.55526567
662101085;391680835.6802482;200712138.71264789
662101086;404367119.0673372;401416419.71645635
662101087;398037632.96780545;221669467.20472825
662101088;665949791.1591558;435922543.44497496
662101089;902692719.9230156;600581014.7356049
662101090;1070246503.2280046;563399199.361931
662101091;997210715.8382608;624035200.6660392
662101092;438912467.3815475;277336491.5219591
662101093;303015542.964976;182790425.48869222
662101094;705496684.3643332;584232323.7493722
662101095;198004663.54230425;109701048.13660103
662101096;975948632.6447756;652285419.4574162
662101097;135835730.73854578;83857943.138596
662101098;751400076.7530876;417470006.03122073
662101099;792873606.6992891;552271503.3600241
662101100;605641535.3214524;460736050.3585236
662101101;630692026.0090938;321004755.6825556
662101102;696186214.3609746;375456515.6619691
662101103;432361469.556592;331917225.4047884
662101104;865039730.7771783;512339749.643783
662101105;409791323.7170445;308601524.26110756
662101106;767894018.6739153;543608896.9696937
662101107;397152354.76729774;248654726.52536163
662101108;518486821.67979777;301091032.1972469
662101109;792414308.3177639;398308691.69567925
662101110;23150515.253188852;12701762.249585766
662101111;806296473.9710882;597520744.8701047
662101112;1133996112.9836988;625366494.0289103
662101113;624139446.928575;388089811.2868726
662101114;348695086.48021406;259164493.44088745
662101115;149977259.03794467;121823669.72581647
662101116;603156819.5288284;332964479.4215308
662101117;430339154.7931862;235393613.87212664
662101118;818289428.2279475;525205495.42477953
662101119;571340260.7321172;334471693.0841515
662101120;167402471.83711255;153666850.27101406
662101121;1221086524.6511488;643434256.699392
662101122;839562925.7680129;625284449.8032262
662101123;104776592.78957659;97360975.35563384
662101124;1043494614.4135534;540337667.5621448
662101125;678980833.6291015;395301128.49309015
662103126;556150163.538691;386065112.9636636
662201001;241271649.51012078;177719414.48250574
662201002;962141310.432911;583669527.5953988
662301001;46463545.9772607;23375275.698323768
662301002;905846893.5913342;484593279.88676226
662301003;911618530.8373905;545417549.9990059
662301004;455739765.67008185;368180976.8979879
662301005;574450997.6266003;384587012.945557
662301006;93339404.80858499;74729413.81095235
662301007;496277073.125013;425390845.5473601
662301008;903024682.4030427;656879510.2718751
662303009;358417787.3277078;248905351.3305946
662304010;600836049.557498;544820153.7892733
662401001;105698691.52379642;79240793.16027036
662501001;222305068.4814077;153089239.65478984
662601001;305731483.9492165;169315194.3088599
662701001;1094770735.5955868;567005184.3908905
662801001;549366878.1354543;476126531.88337594
662801002;487832906.6528651;382465061.587377
662801003;626650266.3780329;314642590.3979512
662801004;33704592.579966426;28896211.6983189
662801005;431844943.47122943;306026202.47298545
662801006;828036550.9559412;487635376.0947545
662801007;1110406720.8925261;657007242.5750862
662801008;422742110.83931607;211498414.78494096
662801009;77774311.04521927;43332952.1084741
662801010;297707100.3274374;295148731.29973227
662801011;802850262.149919;503003356.0217215
662801012;24378603.03079631;19964550.93038338
662801013;410887655.602073;364821782.6192913
662801014;155152409.70394182;144162022.78404737
662801015;803312133.5317589;448067376.97110534
662801016;412519759.12515795;319726786.15575576
662801017;551651054.2841742;468723449.2819863
662801018;333392357.7289204;230136823.89277074
662801019;273114370.55203074;142289835.29497617
662801020;98195784.0947386;83850115.25949453
662801021;437707519.28623736;402578018.42621136
662801022;226378960.29011172;147825815.6784861
662801023;173268784.36248234;138553802.14646733
662803024;927568433.060937;640295635.3048284
662901001;358719417.6789966;222852590.7508183
662901002;563636209.2191131;394891829.6013945
663001001;87536244.75813477;47762410.263288565
663001002;985478474.3047925;611913452.5751266
663001003;762653911.9801602;560762628.4119977
663001004;104528852.03441942;57696918.59295442
663001005;741493632.7708727;465246938.67118925
663001006;9524538.735406794;5685125.77815333
663001007;201975503.0367092;183488679.5393773
663001008;694672686.5244037;451671617.9780212
663001009;1081238294.4520574;597829771.0754393
663001010;266069583.2156904;142954848.1806116
663001011;759672058.0951059;484179934.2906684
663001012;954060259.8693213;619036463.2329583
663001013;1147889729.759956;630012172.890796
663001014;772293382.7809352;394041012.156402
663001015;224529721.89689174;183096121.3603991
663001016;422204272.71083885;406312966.74599105
663001017;803983858.8964097;440122895.94135857
663001018;811628456.41698;659055920.6396168
663001019;1047434088.2783648;607263627.321006
663004020;993162485.508673;653695187.1429807
663004021;853886187.5485381;653101197.6770335
663101001;618878101.5795575;325397896.99095976
663101002;197098356.49952206;130423522.34942096
663101003;950488156.3777694;610648390.6415385
663101004;150887325.92176858;79426824.32436572
663101005;55444342.70765935;28427408.988140997
663101006;1136235709.6311305;576998072.0759498
663101007;362544426.37948525;246390569.38641
663101008;588019124.4292648;399007425.91080403
663101009;292384659.3857594;259159996.94640183
663101010;637108679.7146604;350576018.10556364
663101011;305144383.4417952;193360346.14530614
663101012;850213649.9804622;513941754.91113025
663201001;555848088.3363823;456499607.96269387
663201002;881261264.0593804;462793922.501254
663201003;407047204.60439086;362366445.2501291
663301001;128598209.51694357;93704152.02828632
663301002;1092278437.0558894;602026267.7544926
663301003;821239996.8619382;509356508.5025332
663301004;727243317.8681712;629433051.2420878
663301005;320470240.8626785;173328089.56294715
663301006;334544787.94347304;219256057.89813837
663301007;1109459711.0397747;660778746.4364706
663301008;440301352.5783181;365012403.9719464
663301009;329464354.73528695;252088587.69915178
663301010;920705421.2126358;489107221.3060411
663301011;381891613.41999537;291861469.013742
663301012;986536442.6658607;541341430.2914475
663401001;196778432.7214786;135332063.66000938
663401002;467223394.6179712;388672296.5855762
663401003;148616905.84309065;138677609.50430223
663501001;834925543.5642734;480454239.4192991
663601001;946891121.1387855;492416114.99236315
663601002;156991022.05786967;150777100.26884696
663701001;93411572.22146621;61863568.566411145
663801001;659416559.1396067;446760845.04942703
663801002;450064741.0946387;302271322.3945068
663801003;979716317.2963003;520842131.76264536
663801004;768965929.1073351;447718389.61278725
663801005;238375085.90873656;159538010.79319575
663801006;303710457.63649404;208964958.71418363
663801007;97112975.85602057;61491052.79435284
663801008;89254881.99189644;46053707.64802071
663901001;93731001.17108236;71058743.76850964
664001001;264126645.19010863;137928861.25467026
664001002;87472208.51593968;68511844.94292296
664001003;674276675.0525647;362831461.2494488
664001004;687378515.9717796;425495995.0036859
664001005;116545032.2825459;75262057.50595371
664001006;282346605.85432124;166466613.1366335
664001007;683575086.5252584;368377324.8303476
664001008;91873853.56246227;84617549.15622513
664001009;814836199.2141856;442318609.4090356
664001010;582982426.0580703;347803386.2122324
664001011;909927732.2999848;528588161.6532679
664101001;87537192.1986641;52402962.5124299
664101002;919838335.2362871;507998731.681923
664201001;564097835.1991717;306165259.454775
664201002;679593389.5546256;531750884.4514445
664301001;566519573.8056678;333815715.35665494
664301002;681420972.1323816;478451054.1025538
664301003;48608210.81848351;35982312.024188004
664301004;659907549.5897655;488942921.7056725
664301005;766759985.3752854;575815043.399015
664301006;340740266.66464776;175486268.34507072
664301007;413269301.5437189;335258516.8361418
664301008;757672543.1402282;422628434.2374229
664301009;446393838.6759087;436948297.08271617
664301010;1113936410.8563967;615537832.283077
664301011;343458218.0765463;200697067.862712
664301012;648412697.6819695;507866072.16171515
664301013;536726847.9938876;358396697.6723465
664301014;704445965.1967695;554931217.2034252
664301015;972681083.980364;582414343.8919127
664301016;435770047.9127154;243343937.17323685
664301017;889292964.6111034;598782581.8535643
664301018;987434088.0932677;567339634.3354231
664301019;763520503.3091118;503254739.92186195
664301020;286111961.0917749;239119834.63677746
664401001;335191687.9545681;185118775.6718526
664401002;290122539.99915975;167225798.42164695
664401003;775197516.1763375;592069557.8359063
664401004;487875853.4821153;343805089.5103157
664401005;873294510.6307657;454258118.21341825
664401006;480067684.6045925;409000210.32773113
664401007;143386693.1827645;86310663.59674245
664401008;699281948.4194243;474521617.4418937
664401009;726204484.5473672;621176650.6769425
664401010;716603209.0625405;507122798.3777013
664401011;9339009.38271464;6486088.954213341
664501001;487010158.39334905;369635014.2608868
664501002;381002323.3512309;324001605.62947154
664501003;207197159.61634684;138307459.47787324
664501004;917175127.9638548;530115317.72741675
664501005;532382634.2515943;506203561.69944865
664501006;729475694.1255192;626435091.4949497
670201001;94451776.1147623;48439006.93484372
670301001;637969368.4166806;612789971.3281021
670401001;52260383.37633662;43024247.91248185
670501001;1104720693.2852619;554844405.6006349
670601001;543335600.6896576;484224544.4358927
670801001;799656585.0865496;402339524.0165817
670801002;567347432.4180663;384921395.0185361
670901001;734298996.6473908;552368315.6820396
670901002;556403659.6870487;414328514.6203662
670901003;514022205.9883789;286310738.3410728
671001001;183815556.7473539;104261820.43398999
671001002;1061113888.1565102;564356532.726481
671101001;95284721.85328734;72379025.12690417
671101002;21290895.32081461;10754803.946947118
671101003;1181321156.631224;654593342.2525253
671101004;506132449.8005971;503744707.9613628
671101005;166679931.03532943;152547940.0332588
671101006;471920248.46077484;349827835.38955307
671101007;359816203.7460785;306559905.31909776
671101008;615210084.3193319;348866991.2550355
671101009;272234762.7386848;232832958.85496557
671101010;558236371.2124103;325003909.00106215
671101011;257366830.98617733;144268038.57897797
671101012;969432241.363573;539280528.8873386
671101013;598784073.2506484;359027997.34658736
671201001;110529783.71359333;62231102.125258304
671301001;644671840.2713447;610844784.4046386
671501001;39125230.61868166;25672813.569066204
671601001;845091383.619493;498456424.80988115
671801001;598119436.9559385;415746361.62407774
671901001;52924906.129115276;36043894.74823652
672001001;631533044.6745371;371073972.4343358
672101001;223013918.25159597;222738284.38744992
672201001;208378916.55515304;132424730.2505811
672401001;551567390.1952833;468577583.55546224
672801001;13842490.927395415;11625432.127240023
672901001;367025775.94078773;350511123.3235653
672901002;606616006.4507723;406855728.50328755
672901003;449801633.7915912;393637754.5207859
672901004;631111368.5646582;421925908.83645505
672901005;761581745.793594;640146973.8081553
672901006;209795779.58275604;183198427.621861
672901007;420459384.0395473;308724419.55363315
673001001;289129723.6871949;144891094.68106323
673001002;426317808.2604621;304478932.59327143
673001003;729940134.2738779;415609570.94428724
673001004;569777014.1986499;425540026.2229289
674101001;141088608.92907685;107006020.63652045
674201001;546130076.9650352;284758386.4386721
674301001;105166804.54559293;57112698.73319135
674301002;621022156.9843152;349502900.1496353
674401001;147716516.5325219;110832003.1470645
674501001;470022117.26460403;430851183.6200183
674801001;163202309.54021353;87683138.29017663
675001001;1137875418.5181384;670256278.3123415
675101001;165406492.79096276;92190671.7778741
675101002;616702581.7936078;381478717.3170119
675301001;322830816.1565566;199767147.457069
675301002;505303485.02984196;404073914.21981466
675401001;385614376.2911488;214006048.83626902
675401002;1051526103.0446612;531851885.95923454
675701001;100035280.7710798;66030428.50970629
675701002;735661115.1796744;429883166.5827558
675701003;34405930.49187171;25752376.10702111
675701004;163084576.78916347;157705118.40562993
675801001;594588228.2568705;366961612.38641036
675901001;61528010.95451445;44902505.40776655
677101001;898877480.0147481;568105304.4923518
677101002;419297067.8846837;295321551.4981494
677301001;121513539.93478109;74339864.13265468
677401001;1044399639.913274;658301723.8269575
677401002;656574240.4702758;622995706.9276558
677501001;1098572323.8064396;599710656.0895846
677801001;70139670.2011115;57775131.918489516
678101001;110194035.92344122;80602554.23291859
678201001;865720727.6903824;482304787.9111764
678301001;815467117.5318147;471011639.06375575
678401001;599290968.9218694;497649869.9903405
678401002;741758343.4682925;460145918.4325869
678501001;739650537.5097599;432536668.763492
678701001;637517148.2159537;514083052.57567453
678901001;256155867.65448907;160916180.6915365
679001001;77105107.71576329;45439720.189039856
679001002;455032143.94509053;362787838.2134312
679201001;267186287.28038815;220138602.9121251
679301001;771257480.176164;393135278.6884981
680001001;350422069.25256187;317879326.0511358
680001002;664692220.0457942;357269973.5230018
680001003;1066436518.426457;597599482.3530914
680001004;601636750.9605103;481541126.74893254
680001005;672093913.1566522;558176523.0549363
680001006;954217857.989615;503608114.26435727
680001007;190938625.44919896;124462906.06833021
680301001;744087714.7186065;582847084.4098557
680601001;705612219.2575314;426099092.81192315
680701001;36023685.66944354;25494657.3210513
680701002;950382771.5989243;495982696.619901
680701003;168644294.8235045;85829841.33364365
680801001;6712318.239016731;6230560.923981595
680801002;44421944.709737316;43189163.37418876
680801003;64194918.78308416;36135597.24646187
680801004;713091690.8537846;427645700.94303495
680801005;405703206.71681064;223901730.67705303
680801006;500531562.0717032;432885764.52830863
680801007;640943060.8418499;587395744.3497676
680901001;426259084.1399162;227408531.59135985
680901002;19939904.068404473;16408887.75576572
680901003;732011528.1382703;434799268.81728244
680901004;38792221.324359484;23124859.885615215
681001001;23916126.214279298;21666532.92026068
681001002;418059945.017731;218218520.1493863
681001003;394557800.6138684;259703804.9176389
681001004;542418595.0152956;459338585.1550877
681001005;794718490.5719705;424733893.3922427
700101001;804295990.0543382;505240739.33706725
700201001;432051461.3919369;344685778.02255774
700301001;759689283.999212;400697626.342695
700401001;809259644.3683685;682542574.9368593
700501001;320951144.9394499;285435560.4313332
700601001;18272970.08592678;16094314.442036396
700701001;333268280.6255268;234232791.64681438
700801001;740054473.1592405;478658833.63544124
700901001;892109547.0315166;509096683.5145868
701001001;114638822.3498085;70668648.94360574
701101001;691144993.6383294;358827554.4715846
710101001;525095787.0469785;378842032.9502059
730101001;285542864.27868104;170418321.05269602
